Model Name,Average Inference Time (seconds),Model Load Time (seconds),Allocation Time (seconds)
convnet_L2_F256_K4x4_W95,0.13773046016693116,1.6689300537109375e-06,0.0006625652313232422
convnet_L2_F320_K4x4_W100,0.22345557689666748,1.6689300537109375e-06,0.0006601810455322266
convnet_L2_F320_K4x4_W80,0.146199312210083,1.430511474609375e-06,0.0006113052368164062
convnet_L2_F320_K4x4_W85,0.15492339849472045,1.6689300537109375e-06,0.0007069110870361328
convnet_L2_F320_K4x4_W90,0.18111396551132203,1.430511474609375e-06,0.0006563663482666016
convnet_L2_F320_K4x4_W95,0.19062745809555054,1.1920928955078125e-06,0.0006701946258544922
convnet_L2_F384_K3x3_W100,0.1316627526283264,1.9073486328125e-06,0.0008552074432373047
convnet_L2_F384_K3x3_W90,0.11366758346557618,1.9073486328125e-06,0.0006477832794189453
convnet_L2_F384_K3x3_W95,0.11141409158706665,1.1920928955078125e-06,0.0007116794586181641
convnet_L2_F384_K4x4_W100,0.3024246597290039,9.5367431640625e-07,0.0006639957427978516
convnet_L2_F384_K4x4_W65,0.1364210081100464,1.6689300537109375e-06,0.0006461143493652344
convnet_L2_F384_K4x4_W70,0.14846333503723144,1.6689300537109375e-06,0.0006482601165771484
convnet_L2_F384_K4x4_W75,0.17755184888839723,2.86102294921875e-06,0.0024595260620117188
convnet_L2_F384_K4x4_W80,0.19805450201034547,3.337860107421875e-06,0.001041412353515625
convnet_L2_F384_K4x4_W85,0.22442492485046386,1.430511474609375e-06,0.0006427764892578125
convnet_L2_F384_K4x4_W90,0.2389086389541626,9.5367431640625e-07,0.0006608963012695312
convnet_L2_F384_K4x4_W95,0.26332266569137575,1.6689300537109375e-06,0.0007567405700683594
convnet_L2_F448_K3x3_W100,0.16743261098861695,1.1920928955078125e-06,0.0006623268127441406
convnet_L2_F448_K3x3_W75,0.09410697460174561,1.6689300537109375e-06,0.0006465911865234375
convnet_L2_F448_K3x3_W80,0.10622572422027587,1.430511474609375e-06,0.0006067752838134766
convnet_L2_F448_K3x3_W85,0.12225567579269409,1.430511474609375e-06,0.0006837844848632812
convnet_L2_F448_K3x3_W90,0.13626783847808838,1.430511474609375e-06,0.0006711483001708984
convnet_L2_F448_K3x3_W95,0.1390390372276306,1.430511474609375e-06,0.000720977783203125
convnet_L2_F448_K4x4_W100,0.3877080416679382,1.1920928955078125e-06,0.0006604194641113281
convnet_L2_F448_K4x4_W55,0.13227558612823487,1.1920928955078125e-06,0.0006299018859863281
convnet_L2_F448_K4x4_W60,0.15651608467102052,9.5367431640625e-07,0.0006427764892578125
convnet_L2_F448_K4x4_W65,0.1798971939086914,2.86102294921875e-06,0.0013692378997802734
convnet_L2_F448_K4x4_W70,0.20315648794174193,2.6226043701171875e-06,0.0011723041534423828
convnet_L2_F448_K4x4_W75,0.2334441876411438,1.430511474609375e-06,0.0006392002105712891
convnet_L2_F448_K4x4_W80,0.2649037313461304,3.0994415283203125e-06,0.0012104511260986328
convnet_L2_F448_K4x4_W85,0.2846423292160034,1.430511474609375e-06,0.0006527900695800781
convnet_L2_F448_K4x4_W90,0.3176204991340637,1.6689300537109375e-06,0.0007486343383789062
convnet_L2_F448_K4x4_W95,0.3503153944015503,1.1920928955078125e-06,0.0006668567657470703
convnet_L2_F512_K2x2_W95,0.19838420867919923,1.1920928955078125e-06,0.0007226467132568359
convnet_L2_F512_K3x3_W65,0.10789426565170288,1.430511474609375e-06,0.0006256103515625
convnet_L2_F512_K3x3_W75,0.11942368507385254,9.5367431640625e-07,0.0006568431854248047
convnet_L2_F512_K3x3_W85,0.15212634086608887,1.1920928955078125e-06,0.000637054443359375
convnet_L2_F512_K3x3_W95,0.17582583665847779,1.430511474609375e-06,0.0006799697875976562
convnet_L2_F512_K4x4_W55,0.16476081371307372,1.1920928955078125e-06,0.0006475448608398438
convnet_L2_F512_K4x4_W65,0.22656325101852418,1.430511474609375e-06,0.0006754398345947266
convnet_L2_F512_K4x4_W75,0.2843292713165283,1.1920928955078125e-06,0.0006558895111083984
convnet_L2_F512_K4x4_W85,0.3619531106948852,3.337860107421875e-06,0.00091552734375
convnet_L2_F512_K4x4_W95,0.44566014766693113,1.430511474609375e-06,0.0006992816925048828
convnet_L2_F544_K2x2_W100,0.23965216398239136,4.0531158447265625e-05,0.0006952285766601562
convnet_L2_F544_K2x2_W90,0.1967974352836609,1.6689300537109375e-06,0.0007147789001464844
convnet_L2_F544_K2x2_W95,0.23616892576217652,1.430511474609375e-06,0.0007107257843017578
convnet_L2_F544_K3x3_W100,0.2406350326538086,1.9073486328125e-06,0.0006608963012695312
convnet_L2_F544_K3x3_W65,0.11222511053085327,1.430511474609375e-06,0.0006501674652099609
convnet_L2_F544_K3x3_W70,0.11824948310852051,1.1920928955078125e-06,0.000640869140625
convnet_L2_F544_K3x3_W75,0.13377605199813844,1.1920928955078125e-06,0.0006344318389892578
convnet_L2_F544_K3x3_W80,0.15179930210113526,1.6689300537109375e-06,0.0006215572357177734
convnet_L2_F544_K3x3_W85,0.17329780101776124,2.86102294921875e-06,0.0012938976287841797
convnet_L2_F544_K3x3_W90,0.19045160293579103,1.1920928955078125e-06,0.0006632804870605469
convnet_L2_F544_K3x3_W95,0.1977896523475647,1.430511474609375e-06,0.0006842613220214844
convnet_L2_F544_K4x4_W100,0.5857032203674316,1.1920928955078125e-06,0.0006508827209472656
convnet_L2_F544_K4x4_W45,0.13504137277603148,1.9073486328125e-06,0.0007693767547607422
convnet_L2_F544_K4x4_W50,0.16438775777816772,2.384185791015625e-06,0.0013380050659179688
convnet_L2_F544_K4x4_W55,0.193706374168396,3.0994415283203125e-06,0.0017194747924804688
convnet_L2_F544_K4x4_W60,0.23118934869766236,2.6226043701171875e-06,0.001230478286743164
convnet_L2_F544_K4x4_W65,0.26781529664993287,1.430511474609375e-06,0.0007033348083496094
convnet_L2_F544_K4x4_W70,0.2955079746246338,1.1920928955078125e-06,0.0006883144378662109
convnet_L2_F544_K4x4_W75,0.34911356925964354,1.1920928955078125e-06,0.0006265640258789062
convnet_L2_F544_K4x4_W80,0.3799894833564758,1.1920928955078125e-06,0.0007030963897705078
convnet_L2_F544_K4x4_W85,0.429327974319458,1.430511474609375e-06,0.0006666183471679688
convnet_L2_F544_K4x4_W90,0.4788293623924255,1.1920928955078125e-06,0.0006251335144042969
convnet_L2_F544_K4x4_W95,0.5448399066925049,1.430511474609375e-06,0.0006837844848632812
convnet_L2_F576_K2x2_W100,0.2628254508972168,1.430511474609375e-06,0.0006823539733886719
convnet_L2_F576_K2x2_W85,0.1950642943382263,1.1920928955078125e-06,0.0007302761077880859
convnet_L2_F576_K2x2_W90,0.21504148006439208,1.1920928955078125e-06,0.0008006095886230469
convnet_L2_F576_K2x2_W95,0.23903138875961305,1.1920928955078125e-06,0.0007088184356689453
convnet_L2_F576_K3x3_W100,0.2820274877548218,1.1920928955078125e-06,0.0006504058837890625
convnet_L2_F576_K3x3_W60,0.10001181125640869,2.86102294921875e-06,0.0008947849273681641
convnet_L2_F576_K3x3_W70,0.12813166856765748,1.1920928955078125e-06,0.0006344318389892578
convnet_L2_F576_K3x3_W75,0.1577252507209778,1.1920928955078125e-06,0.0006392002105712891
convnet_L2_F576_K3x3_W80,0.1519349193572998,1.1920928955078125e-06,0.0006573200225830078
convnet_L2_F576_K3x3_W85,0.20346756219863893,1.1920928955078125e-06,0.0006711483001708984
convnet_L2_F576_K3x3_W90,0.2084605360031128,1.1920928955078125e-06,0.0006759166717529297
convnet_L2_F576_K3x3_W95,0.2147686719894409,9.5367431640625e-07,0.0006592273712158203
convnet_L2_F576_K4x4_W45,0.1386446762084961,1.1920928955078125e-06,0.0006344318389892578
convnet_L2_F576_K4x4_W50,0.17300938129425047,2.6226043701171875e-06,0.0009016990661621094
convnet_L2_F576_K4x4_W55,0.19886101007461549,1.430511474609375e-06,0.0006241798400878906
convnet_L2_F576_K4x4_W60,0.23633909940719605,9.5367431640625e-07,0.0005910396575927734
convnet_L2_F576_K4x4_W65,0.2738680982589722,2.6226043701171875e-06,0.0007836818695068359
convnet_L2_F576_K4x4_W70,0.3198959517478943,9.5367431640625e-07,0.0006458759307861328
convnet_L2_F576_K4x4_W75,0.35632830142974853,1.1920928955078125e-06,0.0006542205810546875
convnet_L2_F576_K4x4_W80,0.4163726592063904,1.430511474609375e-06,0.0006139278411865234
convnet_L2_F576_K4x4_W85,0.4545014214515686,1.1920928955078125e-06,0.0006434917449951172
convnet_L2_F576_K4x4_W90,0.5067604088783264,1.1920928955078125e-06,0.0006566047668457031
convnet_L2_F608_K2x2_W100,0.2871249675750732,1.1920928955078125e-06,0.0006866455078125
convnet_L2_F608_K2x2_W80,0.2053888273239136,1.430511474609375e-06,0.00066375732421875
convnet_L2_F608_K2x2_W85,0.22936165809631348,1.430511474609375e-06,0.0006768703460693359
convnet_L2_F608_K2x2_W90,0.2374304485321045,9.5367431640625e-07,0.0006916522979736328
convnet_L2_F608_K2x2_W95,0.2623728728294373,9.5367431640625e-07,0.0007214546203613281
convnet_L2_F608_K3x3_W100,0.29870200395584107,9.5367431640625e-07,0.0006728172302246094
convnet_L2_F608_K3x3_W55,0.0940814709663391,1.1920928955078125e-06,0.0006356239318847656
convnet_L2_F608_K3x3_W60,0.10683969020843506,2.6226043701171875e-06,0.0016939640045166016
convnet_L2_F608_K3x3_W65,0.13613145112991332,3.337860107421875e-06,0.001455545425415039
convnet_L2_F608_K3x3_W70,0.14990601539611817,1.430511474609375e-06,0.0006477832794189453
convnet_L2_F608_K3x3_W75,0.1573464608192444,1.6689300537109375e-06,0.0007479190826416016
convnet_L2_F608_K3x3_W80,0.16395667791366578,9.5367431640625e-07,0.0006241798400878906
convnet_L2_F608_K3x3_W85,0.2068839168548584,1.430511474609375e-06,0.0006310939788818359
convnet_L2_F608_K3x3_W90,0.24238542318344117,1.430511474609375e-06,0.0006723403930664062
convnet_L2_F608_K3x3_W95,0.2323908519744873,1.1920928955078125e-06,0.0006844997406005859
convnet_L2_F608_K4x4_W40,0.1284056258201599,2.86102294921875e-06,0.0011234283447265625
convnet_L2_F608_K4x4_W45,0.1593656086921692,2.1457672119140625e-06,0.0008912086486816406
convnet_L2_F608_K4x4_W50,0.19815721988677978,1.6689300537109375e-06,0.0006711483001708984
convnet_L2_F608_K4x4_W55,0.22832897663116455,1.1920928955078125e-06,0.0006089210510253906
convnet_L2_F608_K4x4_W60,0.27319764137268066,3.814697265625e-06,0.0014951229095458984
convnet_L2_F608_K4x4_W65,0.31405975580215456,1.1920928955078125e-06,0.0006189346313476562
convnet_L2_F608_K4x4_W70,0.36106616258621216,2.384185791015625e-06,0.0006840229034423828
convnet_L2_F608_K4x4_W75,0.42378515243530274,1.9073486328125e-06,0.0006530284881591797
convnet_L2_F608_K4x4_W80,0.4803317880630493,1.430511474609375e-06,0.0006108283996582031
convnet_L2_F608_K4x4_W85,0.5264823794364929,1.6689300537109375e-06,0.0007328987121582031
convnet_L2_F640_K2x2_W100,0.3132409334182739,1.430511474609375e-06,0.0007002353668212891
convnet_L2_F640_K2x2_W75,0.1864180064201355,1.430511474609375e-06,0.0007274150848388672
convnet_L2_F640_K2x2_W80,0.2084646987915039,1.430511474609375e-06,0.0006742477416992188
convnet_L2_F640_K2x2_W85,0.23255215644836424,1.6689300537109375e-06,0.0006806850433349609
convnet_L2_F640_K2x2_W90,0.2576365613937378,1.430511474609375e-06,0.0006866455078125
convnet_L2_F640_K2x2_W95,0.2858549952507019,1.1920928955078125e-06,0.000713348388671875
convnet_L2_F640_K3x3_W100,0.3058597445487976,1.1920928955078125e-06,0.0006554126739501953
convnet_L2_F640_K3x3_W55,0.097006196975708,1.430511474609375e-06,0.0006437301635742188
convnet_L2_F640_K3x3_W60,0.11733594655990601,1.6689300537109375e-06,0.0008013248443603516
convnet_L2_F640_K3x3_W65,0.1478949522972107,1.1920928955078125e-06,0.0006535053253173828
convnet_L2_F640_K3x3_W70,0.15248449087142946,9.5367431640625e-07,0.0006735324859619141
convnet_L2_F640_K3x3_W75,0.1713192319869995,3.337860107421875e-06,0.0014488697052001953
convnet_L2_F640_K3x3_W80,0.17625673294067382,2.6226043701171875e-06,0.0012671947479248047
convnet_L2_F640_K3x3_W85,0.23650339126586914,9.5367431640625e-07,0.0006501674652099609
convnet_L2_F640_K3x3_W90,0.24255019664764405,1.430511474609375e-06,0.0006554126739501953
convnet_L2_F640_K3x3_W95,0.2535903143882752,1.430511474609375e-06,0.0006930828094482422
convnet_L2_F640_K4x4_W40,0.1344386100769043,1.6689300537109375e-06,0.0006806850433349609
convnet_L2_F640_K4x4_W45,0.1718038487434387,1.430511474609375e-06,0.0007967948913574219
convnet_L2_F640_K4x4_W50,0.2030949878692627,3.337860107421875e-06,0.0019600391387939453
convnet_L2_F640_K4x4_W55,0.2467078971862793,1.430511474609375e-06,0.0006499290466308594
convnet_L2_F640_K4x4_W60,0.2940374970436096,1.430511474609375e-06,0.0006427764892578125
convnet_L2_F640_K4x4_W65,0.33999229431152345,3.5762786865234375e-06,0.001247406005859375
convnet_L2_F640_K4x4_W70,0.3778066635131836,1.430511474609375e-06,0.0006594657897949219
convnet_L2_F640_K4x4_W75,0.43223980903625486,1.430511474609375e-06,0.0006148815155029297
convnet_L2_F640_K4x4_W80,0.49998586177825927,1.1920928955078125e-06,0.000637054443359375
convnet_L2_F640_K4x4_W85,0.5494946026802063,1.430511474609375e-06,0.000667572021484375
convnet_L2_F672_K2x2_W100,0.33994479417800905,9.5367431640625e-07,0.0007045269012451172
convnet_L2_F672_K2x2_W70,0.19045686721801758,1.1920928955078125e-06,0.0007028579711914062
convnet_L2_F672_K2x2_W75,0.2024504852294922,1.430511474609375e-06,0.0007050037384033203
convnet_L2_F672_K2x2_W80,0.24263226747512817,1.430511474609375e-06,0.0006585121154785156
convnet_L2_F672_K2x2_W85,0.2519843626022339,1.430511474609375e-06,0.0006909370422363281
convnet_L2_F672_K2x2_W90,0.2766802453994751,1.430511474609375e-06,0.0006968975067138672
convnet_L2_F672_K2x2_W95,0.3109851837158203,1.1920928955078125e-06,0.0007684230804443359
convnet_L2_F672_K3x3_W100,0.33240843772888184,1.430511474609375e-06,0.000713348388671875
convnet_L2_F672_K3x3_W50,0.10497692108154297,3.814697265625e-06,0.0010914802551269531
convnet_L2_F672_K3x3_W55,0.1107376766204834,3.5762786865234375e-06,0.0012273788452148438
convnet_L2_F672_K3x3_W60,0.12686768531799317,1.1920928955078125e-06,0.00064849853515625
convnet_L2_F672_K3x3_W65,0.16958576917648316,1.1920928955078125e-06,0.0006282329559326172
convnet_L2_F672_K3x3_W70,0.16758437395095827,2.86102294921875e-06,0.001104116439819336
convnet_L2_F672_K3x3_W75,0.18554721355438233,1.1920928955078125e-06,0.0006453990936279297
convnet_L2_F672_K3x3_W80,0.1929891014099121,1.430511474609375e-06,0.0006089210510253906
convnet_L2_F672_K3x3_W85,0.24023882865905763,1.1920928955078125e-06,0.0006198883056640625
convnet_L2_F672_K3x3_W90,0.26648855686187745,1.9073486328125e-06,0.00067901611328125
convnet_L2_F672_K3x3_W95,0.27405580759048465,1.430511474609375e-06,0.0007424354553222656
convnet_L2_F672_K4x4_W40,0.1552045202255249,1.1920928955078125e-06,0.0006165504455566406
convnet_L2_F672_K4x4_W45,0.1921876311302185,1.430511474609375e-06,0.0006234645843505859
convnet_L2_F672_K4x4_W50,0.23914939641952515,1.430511474609375e-06,0.0006525516510009766
convnet_L2_F672_K4x4_W55,0.2841097354888916,1.1920928955078125e-06,0.0007643699645996094
convnet_L2_F672_K4x4_W60,0.3372997403144836,1.430511474609375e-06,0.0006520748138427734
convnet_L2_F672_K4x4_W65,0.3809387683868408,1.6689300537109375e-06,0.0006477832794189453
convnet_L2_F672_K4x4_W70,0.43348429203033445,9.5367431640625e-07,0.0006442070007324219
convnet_L2_F672_K4x4_W75,0.4965065979957581,1.430511474609375e-06,0.0006456375122070312
convnet_L2_F672_K4x4_W80,0.5758111429214477,1.9073486328125e-06,0.000614166259765625
convnet_L2_F704_K2x2_W100,0.3923291993141174,1.1920928955078125e-06,0.0006911754608154297
convnet_L2_F704_K2x2_W65,0.1689964485168457,1.430511474609375e-06,0.0006685256958007812
convnet_L2_F704_K2x2_W70,0.1923655652999878,1.430511474609375e-06,0.0006868839263916016
convnet_L2_F704_K2x2_W75,0.21758401155471802,1.430511474609375e-06,0.0006785392761230469
convnet_L2_F704_K2x2_W80,0.2431557559967041,1.1920928955078125e-06,0.0006532669067382812
convnet_L2_F704_K2x2_W85,0.27069576025009157,9.5367431640625e-07,0.0006885528564453125
convnet_L2_F704_K2x2_W90,0.30048154830932616,9.5367431640625e-07,0.0006961822509765625
convnet_L2_F704_K2x2_W95,0.33286269903182986,1.1920928955078125e-06,0.0007171630859375
convnet_L2_F704_K3x3_W100,0.35879369258880617,1.1920928955078125e-06,0.0006783008575439453
convnet_L2_F704_K3x3_W50,0.11365600109100342,3.5762786865234375e-06,0.0020525455474853516
convnet_L2_F704_K3x3_W55,0.12166743278503418,1.1920928955078125e-06,0.0006327629089355469
convnet_L2_F704_K3x3_W60,0.136284019947052,1.430511474609375e-06,0.000759124755859375
convnet_L2_F704_K3x3_W65,0.1822855281829834,1.430511474609375e-06,0.00063323974609375
convnet_L2_F704_K3x3_W70,0.19045624017715454,3.5762786865234375e-06,0.0015139579772949219
convnet_L2_F704_K3x3_W75,0.19844088315963745,1.6689300537109375e-06,0.000644683837890625
convnet_L2_F704_K3x3_W80,0.20990599870681761,1.6689300537109375e-06,0.0006163120269775391
convnet_L2_F704_K3x3_W85,0.2816007661819458,1.1920928955078125e-06,0.0006535053253173828
convnet_L2_F704_K3x3_W90,0.2871344041824341,1.430511474609375e-06,0.00074005126953125
convnet_L2_F704_K3x3_W95,0.2935536003112793,1.1920928955078125e-06,0.0006906986236572266
convnet_L2_F704_K4x4_W35,0.13211004734039306,1.1920928955078125e-06,0.0007152557373046875
convnet_L2_F704_K4x4_W40,0.16377822875976564,1.430511474609375e-06,0.0007200241088867188
convnet_L2_F704_K4x4_W45,0.20882149457931518,1.430511474609375e-06,0.0006275177001953125
convnet_L2_F704_K4x4_W50,0.25079366445541385,1.430511474609375e-06,0.0006554126739501953
convnet_L2_F704_K4x4_W55,0.28923639059066775,1.6689300537109375e-06,0.0007469654083251953
convnet_L2_F704_K4x4_W60,0.34417463064193726,3.337860107421875e-06,0.0016200542449951172
convnet_L2_F704_K4x4_W65,0.40945287704467775,1.1920928955078125e-06,0.0006270408630371094
convnet_L2_F704_K4x4_W70,0.4549435329437256,1.1920928955078125e-06,0.0006422996520996094
convnet_L2_F704_K4x4_W75,0.520822434425354,2.6226043701171875e-06,0.0015780925750732422
convnet_L2_F736_K2x2_W100,0.395375497341156,1.9073486328125e-06,0.0007708072662353516
convnet_L2_F736_K2x2_W65,0.1806875729560852,1.1920928955078125e-06,0.0006496906280517578
convnet_L2_F736_K2x2_W70,0.2061070418357849,1.1920928955078125e-06,0.0006868839263916016
convnet_L2_F736_K2x2_W75,0.23248806953430176,1.1920928955078125e-06,0.0007529258728027344
convnet_L2_F736_K2x2_W80,0.2627368378639221,1.1920928955078125e-06,0.0006527900695800781
convnet_L2_F736_K2x2_W85,0.29214575052261355,1.430511474609375e-06,0.000701904296875
convnet_L2_F736_K2x2_W90,0.32425750732421876,1.9073486328125e-06,0.0006859302520751953
convnet_L2_F736_K2x2_W95,0.35782475471496583,1.9073486328125e-06,0.0007178783416748047
convnet_L2_F736_K3x3_W100,0.3889016127586365,1.1920928955078125e-06,0.0006632804870605469
convnet_L2_F736_K3x3_W50,0.12272869110107422,1.6689300537109375e-06,0.0011439323425292969
convnet_L2_F736_K3x3_W55,0.13042407512664794,1.1920928955078125e-06,0.0006129741668701172
convnet_L2_F736_K3x3_W60,0.1459699273109436,1.430511474609375e-06,0.0006353855133056641
convnet_L2_F736_K3x3_W65,0.1977585744857788,1.6689300537109375e-06,0.0012674331665039062
convnet_L2_F736_K3x3_W70,0.1937031054496765,3.0994415283203125e-06,0.0011415481567382812
convnet_L2_F736_K3x3_W75,0.22657714128494263,9.5367431640625e-07,0.0006496906280517578
convnet_L2_F736_K3x3_W80,0.22416138648986816,1.430511474609375e-06,0.0006542205810546875
convnet_L2_F736_K3x3_W85,0.2841401314735413,1.6689300537109375e-06,0.0006434917449951172
convnet_L2_F736_K3x3_W90,0.3111965799331665,1.1920928955078125e-06,0.0006535053253173828
convnet_L2_F736_K3x3_W95,0.31638131141662595,1.6689300537109375e-06,0.0006501674652099609
convnet_L2_F736_K4x4_W35,0.1429796290397644,1.1920928955078125e-06,0.0006935596466064453
convnet_L2_F736_K4x4_W40,0.18100329875946045,1.430511474609375e-06,0.0006284713745117188
convnet_L2_F736_K4x4_W45,0.23332846403121948,1.430511474609375e-06,0.0006272792816162109
convnet_L2_F736_K4x4_W50,0.2793471121788025,2.86102294921875e-06,0.0015380382537841797
convnet_L2_F736_K4x4_W55,0.32601442575454714,3.337860107421875e-06,0.0013041496276855469
convnet_L2_F736_K4x4_W60,0.38608666181564333,2.384185791015625e-06,0.0015261173248291016
convnet_L2_F736_K4x4_W65,0.446591272354126,1.6689300537109375e-06,0.0006411075592041016
convnet_L2_F736_K4x4_W70,0.5091057896614075,9.5367431640625e-07,0.0006244182586669922
convnet_L2_F768_K2x2_W100,0.4228309917449951,1.430511474609375e-06,0.0006995201110839844
convnet_L2_F768_K2x2_W60,0.16944809436798094,1.1920928955078125e-06,0.0006871223449707031
convnet_L2_F768_K2x2_W65,0.19329832315444948,1.430511474609375e-06,0.0007340908050537109
convnet_L2_F768_K2x2_W70,0.22147680282592774,1.9073486328125e-06,0.0006928443908691406
convnet_L2_F768_K2x2_W75,0.26889925718307495,1.430511474609375e-06,0.0006854534149169922
convnet_L2_F768_K2x2_W80,0.28027782678604124,1.6689300537109375e-06,0.0006434917449951172
convnet_L2_F768_K2x2_W85,0.31144414901733397,1.430511474609375e-06,0.0006814002990722656
convnet_L2_F768_K2x2_W90,0.34594685792922975,1.1920928955078125e-06,0.0006873607635498047
convnet_L2_F768_K2x2_W95,0.3836254239082336,1.1920928955078125e-06,0.0007696151733398438
convnet_L2_F768_K3x3_W45,0.09477865934371948,2.1457672119140625e-06,0.0018649101257324219
convnet_L2_F768_K3x3_W50,0.1312187719345093,1.9073486328125e-06,0.0010030269622802734
convnet_L2_F768_K3x3_W55,0.13794353485107422,3.5762786865234375e-06,0.0013594627380371094
convnet_L2_F768_K3x3_W60,0.14904272079467773,3.814697265625e-06,0.001573801040649414
convnet_L2_F768_K3x3_W65,0.21391819953918456,1.1920928955078125e-06,0.0006325244903564453
convnet_L2_F768_K3x3_W70,0.2080704927444458,1.1920928955078125e-06,0.0006427764892578125
convnet_L2_F768_K3x3_W75,0.23249920129776,1.1920928955078125e-06,0.0006494522094726562
convnet_L2_F768_K3x3_W80,0.24090451002120972,1.430511474609375e-06,0.0006341934204101562
convnet_L2_F768_K3x3_W85,0.3028371787071228,1.430511474609375e-06,0.0006420612335205078
convnet_L2_F768_K3x3_W90,0.3498806428909302,9.5367431640625e-07,0.000667572021484375
convnet_L2_F768_K3x3_W95,0.34264073371887205,1.430511474609375e-06,0.0006937980651855469
convnet_L2_F768_K4x4_W35,0.150593364238739,1.9073486328125e-06,0.0009334087371826172
convnet_L2_F768_K4x4_W40,0.1878708267211914,1.1920928955078125e-06,0.0007240772247314453
convnet_L2_F768_K4x4_W45,0.2437436032295227,1.430511474609375e-06,0.0005943775177001953
convnet_L2_F768_K4x4_W50,0.29184672355651853,1.1920928955078125e-06,0.0007262229919433594
convnet_L2_F768_K4x4_W55,0.3376533317565918,1.430511474609375e-06,0.0008871555328369141
convnet_L2_F768_K4x4_W60,0.40307485818862915,1.430511474609375e-06,0.0006368160247802734
convnet_L2_F768_K4x4_W65,0.4784154558181763,1.6689300537109375e-06,0.0006184577941894531
convnet_L2_F768_K4x4_W70,0.5321470093727112,1.1920928955078125e-06,0.0006568431854248047
convnet_L3_F192_K4x4_W100,0.15854593753814697,1.430511474609375e-06,0.0006911754608154297
convnet_L3_F192_K4x4_W90,0.1309492778778076,1.6689300537109375e-06,0.0006678104400634766
convnet_L3_F192_K4x4_W95,0.14397053956985473,1.1920928955078125e-06,0.0007071495056152344
convnet_L3_F224_K4x4_W100,0.22962661027908327,1.1920928955078125e-06,0.0006437301635742188
convnet_L3_F224_K4x4_W80,0.1503939723968506,1.430511474609375e-06,0.000614166259765625
convnet_L3_F224_K4x4_W85,0.16791550159454346,1.430511474609375e-06,0.0007469654083251953
convnet_L3_F224_K4x4_W90,0.18882963180541992,1.1920928955078125e-06,0.0006284713745117188
convnet_L3_F224_K4x4_W95,0.20738337993621825,3.0994415283203125e-06,0.0010416507720947266
convnet_L3_F256_K3x3_W95,0.10154552459716797,1.1920928955078125e-06,0.0006794929504394531
convnet_L3_F256_K4x4_W75,0.15106149196624755,2.86102294921875e-06,0.0009014606475830078
convnet_L3_F256_K4x4_W85,0.19098356246948242,1.6689300537109375e-06,0.0006420612335205078
convnet_L3_F256_K4x4_W95,0.22904233694076537,1.1920928955078125e-06,0.0006821155548095703
convnet_L3_F320_K3x3_W100,0.16661576986312865,1.1920928955078125e-06,0.0006453990936279297
convnet_L3_F320_K3x3_W75,0.09431875467300416,1.1920928955078125e-06,0.0006339550018310547
convnet_L3_F320_K3x3_W80,0.0969939374923706,1.430511474609375e-06,0.0006711483001708984
convnet_L3_F320_K3x3_W85,0.12371438264846801,1.6689300537109375e-06,0.0006518363952636719
convnet_L3_F320_K3x3_W90,0.12565609693527222,1.430511474609375e-06,0.0006377696990966797
convnet_L3_F320_K3x3_W95,0.1285328435897827,1.1920928955078125e-06,0.0006883144378662109
convnet_L3_F320_K4x4_W100,0.3833408617973328,1.430511474609375e-06,0.0008716583251953125
convnet_L3_F320_K4x4_W55,0.13000158786773683,3.0994415283203125e-06,0.0008223056793212891
convnet_L3_F320_K4x4_W60,0.15326688528060914,9.5367431640625e-07,0.0006041526794433594
convnet_L3_F320_K4x4_W65,0.17534322500228883,1.430511474609375e-06,0.0005943775177001953
convnet_L3_F320_K4x4_W70,0.20351191282272338,1.1920928955078125e-06,0.0006387233734130859
convnet_L3_F320_K4x4_W75,0.22194256067276,1.9073486328125e-06,0.0006477832794189453
convnet_L3_F320_K4x4_W80,0.2585593199729919,1.1920928955078125e-06,0.0006318092346191406
convnet_L3_F320_K4x4_W85,0.28796990394592287,2.1457672119140625e-06,0.0006482601165771484
convnet_L3_F320_K4x4_W90,0.31450379371643067,1.1920928955078125e-06,0.0006477832794189453
convnet_L3_F320_K4x4_W95,0.3603441023826599,1.430511474609375e-06,0.0006673336029052734
convnet_L3_F384_K2x2_W100,0.27793609380722045,1.430511474609375e-06,0.00074005126953125
convnet_L3_F384_K2x2_W85,0.20782656192779542,1.430511474609375e-06,0.0006766319274902344
convnet_L3_F384_K2x2_W90,0.22854737997055052,1.430511474609375e-06,0.0006711483001708984
convnet_L3_F384_K2x2_W95,0.25266533374786376,1.1920928955078125e-06,0.0007114410400390625
convnet_L3_F384_K3x3_W100,0.21535074472427368,1.1920928955078125e-06,0.0006606578826904297
convnet_L3_F384_K3x3_W65,0.10927735567092896,1.6689300537109375e-06,0.0006368160247802734
convnet_L3_F384_K3x3_W70,0.11236179113388062,2.6226043701171875e-06,0.001550912857055664
convnet_L3_F384_K3x3_W75,0.12047909021377563,1.430511474609375e-06,0.0006422996520996094
convnet_L3_F384_K3x3_W80,0.12996680974960328,1.430511474609375e-06,0.0006361007690429688
convnet_L3_F384_K3x3_W85,0.16579994201660156,1.430511474609375e-06,0.0006415843963623047
convnet_L3_F384_K3x3_W90,0.17105575323104857,1.6689300537109375e-06,0.0006530284881591797
convnet_L3_F384_K3x3_W95,0.17588018894195556,1.1920928955078125e-06,0.000705718994140625
convnet_L3_F384_K4x4_W100,0.536470742225647,1.430511474609375e-06,0.0006668567657470703
convnet_L3_F384_K4x4_W45,0.12265803813934326,3.0994415283203125e-06,0.0016794204711914062
convnet_L3_F384_K4x4_W50,0.14954182863235474,2.1457672119140625e-06,0.0010673999786376953
convnet_L3_F384_K4x4_W55,0.1793846583366394,1.1920928955078125e-06,0.0006284713745117188
convnet_L3_F384_K4x4_W60,0.21214282512664795,1.430511474609375e-06,0.0006575584411621094
convnet_L3_F384_K4x4_W65,0.24417452812194823,1.1920928955078125e-06,0.0006246566772460938
convnet_L3_F384_K4x4_W70,0.27219396352767944,1.430511474609375e-06,0.0006411075592041016
convnet_L3_F384_K4x4_W75,0.31709502220153807,1.1920928955078125e-06,0.0006380081176757812
convnet_L3_F384_K4x4_W80,0.349946928024292,1.1920928955078125e-06,0.0006136894226074219
convnet_L3_F384_K4x4_W85,0.39483884334564207,2.384185791015625e-06,0.0011332035064697266
convnet_L3_F384_K4x4_W90,0.439734628200531,1.430511474609375e-06,0.0006566047668457031
convnet_L3_F384_K4x4_W95,0.4977427124977112,1.430511474609375e-06,0.0006539821624755859
convnet_L3_F448_K2x2_W100,0.347765748500824,1.430511474609375e-06,0.0006949901580810547
convnet_L3_F448_K2x2_W75,0.17839706420898438,1.1920928955078125e-06,0.0007112026214599609
convnet_L3_F448_K2x2_W80,0.20947102546691895,1.430511474609375e-06,0.0006663799285888672
convnet_L3_F448_K2x2_W85,0.21988170146942138,1.430511474609375e-06,0.000682830810546875
convnet_L3_F448_K2x2_W90,0.2426584219932556,1.9073486328125e-06,0.0007448196411132812
convnet_L3_F448_K2x2_W95,0.26768356800079346,1.430511474609375e-06,0.0007007122039794922
convnet_L3_F448_K3x3_W100,0.2939159870147705,1.6689300537109375e-06,0.0006558895111083984
convnet_L3_F448_K3x3_W55,0.0931299614906311,3.337860107421875e-06,0.0013363361358642578
convnet_L3_F448_K3x3_W60,0.10587456703186035,1.6689300537109375e-06,0.0010867118835449219
convnet_L3_F448_K3x3_W65,0.14202611923217773,1.6689300537109375e-06,0.000713348388671875
convnet_L3_F448_K3x3_W70,0.14705366849899293,1.9073486328125e-06,0.0010266304016113281
convnet_L3_F448_K3x3_W75,0.16378400087356568,1.1920928955078125e-06,0.0006504058837890625
convnet_L3_F448_K3x3_W80,0.17189493656158447,2.1457672119140625e-06,0.0006425380706787109
convnet_L3_F448_K3x3_W85,0.21465116024017333,1.1920928955078125e-06,0.0007028579711914062
convnet_L3_F448_K3x3_W90,0.22316495180130005,1.430511474609375e-06,0.0006625652313232422
convnet_L3_F448_K3x3_W95,0.24213911056518556,1.1920928955078125e-06,0.0006656646728515625
convnet_L3_F448_K4x4_W40,0.1336374855041504,1.1920928955078125e-06,0.0007112026214599609
convnet_L3_F448_K4x4_W45,0.1608160662651062,3.337860107421875e-06,0.0013718605041503906
convnet_L3_F448_K4x4_W50,0.19611355304718017,1.1920928955078125e-06,0.0006575584411621094
convnet_L3_F448_K4x4_W55,0.2419828701019287,1.430511474609375e-06,0.0006697177886962891
convnet_L3_F448_K4x4_W60,0.2783655524253845,1.430511474609375e-06,0.0006387233734130859
convnet_L3_F448_K4x4_W65,0.3284677171707153,1.1920928955078125e-06,0.00063323974609375
convnet_L3_F448_K4x4_W70,0.37433974266052245,1.6689300537109375e-06,0.0006833076477050781
convnet_L3_F448_K4x4_W75,0.4186981201171875,1.1920928955078125e-06,0.0006551742553710938
convnet_L3_F448_K4x4_W80,0.4824859237670898,1.430511474609375e-06,0.0006177425384521484
convnet_L3_F448_K4x4_W85,0.541604323387146,1.1920928955078125e-06,0.0006606578826904297
convnet_L3_F512_K2x2_W65,0.18000395298004152,1.1920928955078125e-06,0.0006811618804931641
convnet_L3_F512_K2x2_W75,0.22233391284942627,1.1920928955078125e-06,0.0007443428039550781
convnet_L3_F512_K2x2_W85,0.2884879302978516,1.430511474609375e-06,0.0006811618804931641
convnet_L3_F512_K2x2_W95,0.3367707848548889,1.1920928955078125e-06,0.0006945133209228516
convnet_L3_F512_K3x3_W55,0.11632524013519287,1.9073486328125e-06,0.0006954669952392578
convnet_L3_F512_K3x3_W65,0.18141479015350342,1.430511474609375e-06,0.0006263256072998047
convnet_L3_F512_K3x3_W75,0.2007463312149048,1.1920928955078125e-06,0.0006318092346191406
convnet_L3_F512_K3x3_W85,0.26151851177215574,1.1920928955078125e-06,0.0006613731384277344
convnet_L3_F512_K3x3_W95,0.3110829520225525,1.6689300537109375e-06,0.0006656646728515625
convnet_L3_F512_K4x4_W35,0.1338101601600647,1.430511474609375e-06,0.0006616115570068359
convnet_L3_F512_K4x4_W45,0.20918652534484863,2.6226043701171875e-06,0.0015077590942382812
convnet_L3_F512_K4x4_W55,0.30084736824035646,9.5367431640625e-07,0.0006079673767089844
convnet_L3_F512_K4x4_W65,0.42118775129318237,2.86102294921875e-06,0.001560211181640625
convnet_L3_F544_K2x2_W100,0.402808301448822,1.1920928955078125e-06,0.0006995201110839844
convnet_L3_F544_K2x2_W60,0.17801126956939697,1.1920928955078125e-06,0.0006821155548095703
convnet_L3_F544_K2x2_W65,0.20147809028625488,1.1920928955078125e-06,0.0006797313690185547
convnet_L3_F544_K2x2_W70,0.21741111040115357,1.430511474609375e-06,0.0006902217864990234
convnet_L3_F544_K2x2_W75,0.2573731589317322,1.430511474609375e-06,0.0006918907165527344
convnet_L3_F544_K2x2_W80,0.2874856805801392,1.6689300537109375e-06,0.0006425380706787109
convnet_L3_F544_K2x2_W85,0.32420088052749635,9.5367431640625e-07,0.0007441043853759766
convnet_L3_F544_K2x2_W90,0.33895556211471556,1.1920928955078125e-06,0.0006995201110839844
convnet_L3_F544_K2x2_W95,0.37494974851608276,1.430511474609375e-06,0.0007739067077636719
convnet_L3_F544_K3x3_W45,0.08342206954956055,3.0994415283203125e-06,0.0018062591552734375
convnet_L3_F544_K3x3_W50,0.1279478645324707,1.6689300537109375e-06,0.0006542205810546875
convnet_L3_F544_K3x3_W55,0.13023379802703858,1.6689300537109375e-06,0.0010809898376464844
convnet_L3_F544_K3x3_W60,0.1505822992324829,1.430511474609375e-06,0.0006635189056396484
convnet_L3_F544_K3x3_W65,0.1954413342475891,3.814697265625e-06,0.0015437602996826172
convnet_L3_F544_K3x3_W70,0.21134334802627563,1.1920928955078125e-06,0.0006430149078369141
convnet_L3_F544_K3x3_W75,0.23544318199157716,1.6689300537109375e-06,0.0006649494171142578
convnet_L3_F544_K3x3_W80,0.23944882392883302,9.5367431640625e-07,0.0006356239318847656
convnet_L3_F544_K3x3_W85,0.3091605544090271,1.9073486328125e-06,0.0011556148529052734
convnet_L3_F544_K3x3_W90,0.33886932134628295,1.6689300537109375e-06,0.0006375312805175781
convnet_L3_F544_K3x3_W95,0.34913695096969605,1.430511474609375e-06,0.0006797313690185547
convnet_L3_F544_K4x4_W30,0.12067702531814575,3.0994415283203125e-06,0.001447916030883789
convnet_L3_F544_K4x4_W35,0.16177797794342041,3.337860107421875e-06,0.0018758773803710938
convnet_L3_F544_K4x4_W40,0.19866248846054077,3.337860107421875e-06,0.0009222030639648438
convnet_L3_F544_K4x4_W45,0.24848857641220093,2.6226043701171875e-06,0.0015254020690917969
convnet_L3_F544_K4x4_W50,0.30456438302993777,1.6689300537109375e-06,0.0009286403656005859
convnet_L3_F544_K4x4_W55,0.3562377142906189,1.430511474609375e-06,0.0006263256072998047
convnet_L3_F544_K4x4_W60,0.42510982513427736,1.6689300537109375e-06,0.0007033348083496094
convnet_L3_F544_K4x4_W65,0.4996104049682617,1.9073486328125e-06,0.0007588863372802734
convnet_L3_F544_K4x4_W70,0.5597739434242248,9.5367431640625e-07,0.0006365776062011719
convnet_L3_F576_K2x2_W100,0.435981240272522,1.430511474609375e-06,0.0006816387176513672
convnet_L3_F576_K2x2_W55,0.16817671537399292,1.430511474609375e-06,0.00067138671875
convnet_L3_F576_K2x2_W60,0.18675024509429933,1.430511474609375e-06,0.0007448196411132812
convnet_L3_F576_K2x2_W65,0.21114326238632203,1.430511474609375e-06,0.0006709098815917969
convnet_L3_F576_K2x2_W70,0.24009876012802123,1.6689300537109375e-06,0.0006775856018066406
convnet_L3_F576_K2x2_W75,0.27303778409957885,1.1920928955078125e-06,0.0006852149963378906
convnet_L3_F576_K2x2_W80,0.3036141848564148,1.430511474609375e-06,0.0006585121154785156
convnet_L3_F576_K2x2_W85,0.33941280126571655,1.6689300537109375e-06,0.0006852149963378906
convnet_L3_F576_K2x2_W90,0.39389240980148316,1.6689300537109375e-06,0.0006840229034423828
convnet_L3_F576_K2x2_W95,0.4125613021850586,1.430511474609375e-06,0.0006968975067138672
convnet_L3_F576_K3x3_W45,0.09580122232437134,4.291534423828125e-06,0.0017027854919433594
convnet_L3_F576_K3x3_W50,0.14071885108947754,2.86102294921875e-06,0.0014348030090332031
convnet_L3_F576_K3x3_W55,0.13917723655700684,3.5762786865234375e-06,0.0012187957763671875
convnet_L3_F576_K3x3_W60,0.16632189273834228,1.6689300537109375e-06,0.0011324882507324219
convnet_L3_F576_K3x3_W65,0.22663413286209105,1.9073486328125e-06,0.0006568431854248047
convnet_L3_F576_K3x3_W70,0.22057523488998412,9.5367431640625e-07,0.0006253719329833984
convnet_L3_F576_K3x3_W75,0.26128616571426394,1.9073486328125e-06,0.0013992786407470703
convnet_L3_F576_K3x3_W80,0.2573473191261291,1.430511474609375e-06,0.0008637905120849609
convnet_L3_F576_K3x3_W85,0.3426960325241089,9.5367431640625e-07,0.000644683837890625
convnet_L3_F576_K3x3_W90,0.35992615222930907,2.6226043701171875e-06,0.0008876323699951172
convnet_L3_F576_K4x4_W30,0.12860503673553467,1.6689300537109375e-06,0.0007348060607910156
convnet_L3_F576_K4x4_W35,0.1679668879508972,1.6689300537109375e-06,0.000827789306640625
convnet_L3_F576_K4x4_W40,0.2144444227218628,1.6689300537109375e-06,0.0007903575897216797
convnet_L3_F576_K4x4_W45,0.26342541933059693,1.430511474609375e-06,0.0007791519165039062
convnet_L3_F576_K4x4_W50,0.32357819318771364,1.1920928955078125e-06,0.0008740425109863281
convnet_L3_F576_K4x4_W55,0.3882547187805176,1.430511474609375e-06,0.0006635189056396484
convnet_L3_F576_K4x4_W60,0.45822404861450194,3.5762786865234375e-06,0.0012459754943847656
convnet_L3_F576_K4x4_W65,0.529721953868866,3.814697265625e-06,0.0012178421020507812
convnet_L3_F608_K2x2_W100,0.4878943872451782,1.430511474609375e-06,0.0007026195526123047
convnet_L3_F608_K2x2_W55,0.1765440845489502,1.430511474609375e-06,0.0006759166717529297
convnet_L3_F608_K2x2_W60,0.21491220235824585,1.430511474609375e-06,0.000698089599609375
convnet_L3_F608_K2x2_W65,0.23331659078598022,1.430511474609375e-06,0.0006628036499023438
convnet_L3_F608_K2x2_W70,0.2641380190849304,1.430511474609375e-06,0.0006871223449707031
convnet_L3_F608_K2x2_W75,0.3015919375419617,1.1920928955078125e-06,0.0006842613220214844
convnet_L3_F608_K2x2_W80,0.33309916019439695,1.6689300537109375e-06,0.0006530284881591797
convnet_L3_F608_K2x2_W85,0.3723147177696228,1.430511474609375e-06,0.0006673336029052734
convnet_L3_F608_K2x2_W90,0.41168224811553955,1.1920928955078125e-06,0.0007016658782958984
convnet_L3_F608_K2x2_W95,0.45247979640960695,1.9073486328125e-06,0.0007774829864501953
convnet_L3_F608_K3x3_W40,0.08544721126556397,1.1920928955078125e-06,0.0006582736968994141
convnet_L3_F608_K3x3_W45,0.10431143283843994,3.814697265625e-06,0.0016911029815673828
convnet_L3_F608_K3x3_W50,0.14686948776245118,1.1920928955078125e-06,0.0006718635559082031
convnet_L3_F608_K3x3_W55,0.1518852472305298,2.1457672119140625e-06,0.0006606578826904297
convnet_L3_F608_K3x3_W60,0.17999742269515992,1.1920928955078125e-06,0.0006318092346191406
convnet_L3_F608_K3x3_W65,0.23709631681442261,1.1920928955078125e-06,0.0007073879241943359
convnet_L3_F608_K3x3_W70,0.24103158712387085,9.5367431640625e-07,0.0006456375122070312
convnet_L3_F608_K3x3_W75,0.27063067197799684,2.384185791015625e-06,0.001634359359741211
convnet_L3_F608_K3x3_W80,0.2909837770462036,3.337860107421875e-06,0.0014493465423583984
convnet_L3_F608_K3x3_W85,0.35741055727005006,1.430511474609375e-06,0.00067138671875
convnet_L3_F608_K4x4_W30,0.1454159688949585,1.6689300537109375e-06,0.0009417533874511719
convnet_L3_F608_K4x4_W35,0.19670801401138305,2.6226043701171875e-06,0.0015082359313964844
convnet_L3_F608_K4x4_W40,0.2469110369682312,3.5762786865234375e-06,0.0016179084777832031
convnet_L3_F608_K4x4_W45,0.29967530727386477,2.384185791015625e-06,0.0010101795196533203
convnet_L3_F608_K4x4_W50,0.3646026611328125,1.1920928955078125e-06,0.0006477832794189453
convnet_L3_F608_K4x4_W55,0.43854031085968015,2.86102294921875e-06,0.0018999576568603516
convnet_L3_F608_K4x4_W60,0.5295139479637146,9.5367431640625e-07,0.0007843971252441406
convnet_L3_F640_K2x2_W100,0.5496484041213989,1.430511474609375e-06,0.000698089599609375
convnet_L3_F640_K2x2_W50,0.1704465317726135,1.1920928955078125e-06,0.0006880760192871094
convnet_L3_F640_K2x2_W55,0.20336049556732178,1.1920928955078125e-06,0.0006778240203857422
convnet_L3_F640_K2x2_W60,0.2335487747192383,1.1920928955078125e-06,0.0006780624389648438
convnet_L3_F640_K2x2_W65,0.2638668870925903,1.430511474609375e-06,0.0006742477416992188
convnet_L3_F640_K2x2_W70,0.2889443969726562,1.6689300537109375e-06,0.0007054805755615234
convnet_L3_F640_K2x2_W75,0.34049137353897097,9.5367431640625e-07,0.0006875991821289062
convnet_L3_F640_K2x2_W80,0.3633656311035156,1.1920928955078125e-06,0.0006687641143798828
convnet_L3_F640_K2x2_W85,0.4094839882850647,1.1920928955078125e-06,0.0007369518280029297
convnet_L3_F640_K2x2_W90,0.4517029190063477,1.430511474609375e-06,0.0006937980651855469
convnet_L3_F640_K2x2_W95,0.500000262260437,1.430511474609375e-06,0.0007107257843017578
convnet_L3_F640_K3x3_W40,0.09301501750946045,2.1457672119140625e-06,0.001161813735961914
convnet_L3_F640_K3x3_W45,0.11260892152786255,2.1457672119140625e-06,0.0015425682067871094
convnet_L3_F640_K3x3_W50,0.16577738046646118,2.86102294921875e-06,0.0015835762023925781
convnet_L3_F640_K3x3_W55,0.17162106513977052,3.337860107421875e-06,0.0014548301696777344
convnet_L3_F640_K3x3_W60,0.18929540395736694,1.1920928955078125e-06,0.0006349086761474609
convnet_L3_F640_K3x3_W65,0.2683212685585022,3.814697265625e-06,0.0016169548034667969
convnet_L3_F640_K3x3_W70,0.26457360029220583,1.1920928955078125e-06,0.0006704330444335938
convnet_L3_F640_K3x3_W75,0.2952324414253235,4.5299530029296875e-06,0.0006616115570068359
convnet_L3_F640_K3x3_W80,0.30405258655548095,1.6689300537109375e-06,0.0006167888641357422
convnet_L3_F640_K4x4_W30,0.1563003420829773,1.9073486328125e-06,0.0009794235229492188
convnet_L3_F640_K4x4_W35,0.2076082134246826,1.1920928955078125e-06,0.0006358623504638672
convnet_L3_F640_K4x4_W40,0.2598729705810547,1.9073486328125e-06,0.0009205341339111328
convnet_L3_F640_K4x4_W45,0.3183956813812256,9.5367431640625e-07,0.0005962848663330078
convnet_L3_F640_K4x4_W50,0.38983620166778565,1.9073486328125e-06,0.0011408329010009766
convnet_L3_F640_K4x4_W55,0.4620364642143249,2.86102294921875e-06,0.001138925552368164
convnet_L3_F672_K1x1_W100,0.23489476442337037,1.1920928955078125e-06,0.0007572174072265625
convnet_L3_F672_K2x2_W100,0.5801669096946717,1.430511474609375e-06,0.0006937980651855469
convnet_L3_F672_K2x2_W45,0.17442359209060668,1.430511474609375e-06,0.0006618499755859375
convnet_L3_F672_K2x2_W50,0.1853074288368225,1.6689300537109375e-06,0.0006840229034423828
convnet_L3_F672_K2x2_W55,0.20281500101089478,1.1920928955078125e-06,0.0006558895111083984
convnet_L3_F672_K2x2_W60,0.24360449552536012,1.1920928955078125e-06,0.0006804466247558594
convnet_L3_F672_K2x2_W65,0.27657020568847657,1.430511474609375e-06,0.0007205009460449219
convnet_L3_F672_K2x2_W70,0.31628873109817507,1.430511474609375e-06,0.0007009506225585938
convnet_L3_F672_K2x2_W75,0.3581997919082642,1.430511474609375e-06,0.0006842613220214844
convnet_L3_F672_K2x2_W80,0.39914937973022463,1.6689300537109375e-06,0.0007090568542480469
convnet_L3_F672_K2x2_W85,0.4469717240333557,1.1920928955078125e-06,0.0006811618804931641
convnet_L3_F672_K2x2_W90,0.4938079452514648,1.6689300537109375e-06,0.0006775856018066406
convnet_L3_F672_K2x2_W95,0.5501978611946106,1.6689300537109375e-06,0.0007052421569824219
convnet_L3_F672_K3x3_W40,0.10161806344985962,1.430511474609375e-06,0.00072479248046875
convnet_L3_F672_K3x3_W45,0.1244026231765747,3.0994415283203125e-06,0.0019145011901855469
convnet_L3_F672_K3x3_W50,0.1843247151374817,3.0994415283203125e-06,0.0017559528350830078
convnet_L3_F672_K3x3_W55,0.18880158185958862,9.5367431640625e-07,0.0008013248443603516
convnet_L3_F672_K3x3_W60,0.21471081256866456,2.1457672119140625e-06,0.0010406970977783203
convnet_L3_F672_K3x3_W65,0.29331215620040896,3.337860107421875e-06,0.0016481876373291016
convnet_L3_F672_K3x3_W70,0.28954577684402466,1.6689300537109375e-06,0.0007293224334716797
convnet_L3_F672_K3x3_W75,0.3374567937850952,1.1920928955078125e-06,0.0006766319274902344
convnet_L3_F672_K4x4_W25,0.13376079320907594,1.6689300537109375e-06,0.0011699199676513672
convnet_L3_F672_K4x4_W30,0.17795901775360107,1.1920928955078125e-06,0.0006146430969238281
convnet_L3_F672_K4x4_W35,0.23772091388702393,1.1920928955078125e-06,0.0006189346313476562
convnet_L3_F672_K4x4_W40,0.29957162857055664,1.9073486328125e-06,0.0010750293731689453
convnet_L3_F672_K4x4_W45,0.368482391834259,3.814697265625e-06,0.0012094974517822266
convnet_L3_F672_K4x4_W50,0.45683478116989135,1.9073486328125e-06,0.0006341934204101562
convnet_L3_F672_K4x4_W55,0.5419431495666504,1.430511474609375e-06,0.0007982254028320312
convnet_L3_F704_K1x1_W100,0.24802135944366455,1.430511474609375e-06,0.0007026195526123047
convnet_L3_F704_K1x1_W95,0.2139368462562561,1.430511474609375e-06,0.0007104873657226562
convnet_L3_F704_K2x2_W100,0.6188441228866577,1.1920928955078125e-06,0.0007140636444091797
convnet_L3_F704_K2x2_W45,0.182829065322876,1.430511474609375e-06,0.0007681846618652344
convnet_L3_F704_K2x2_W50,0.19337610960006713,9.5367431640625e-07,0.0006837844848632812
convnet_L3_F704_K2x2_W55,0.21658812761306762,1.6689300537109375e-06,0.0006852149963378906
convnet_L3_F704_K2x2_W60,0.2632421588897705,1.1920928955078125e-06,0.0006887912750244141
convnet_L3_F704_K2x2_W65,0.30097256422042845,1.430511474609375e-06,0.0006954669952392578
convnet_L3_F704_K2x2_W70,0.35752365350723264,1.430511474609375e-06,0.0006892681121826172
convnet_L3_F704_K2x2_W75,0.4029143524169922,1.1920928955078125e-06,0.0006916522979736328
convnet_L3_F704_K2x2_W80,0.4313601326942444,1.430511474609375e-06,0.0007174015045166016
convnet_L3_F704_K2x2_W85,0.486549232006073,1.430511474609375e-06,0.0006699562072753906
convnet_L3_F704_K2x2_W90,0.5361182594299316,1.1920928955078125e-06,0.0006983280181884766
convnet_L3_F704_K2x2_W95,0.5935860562324524,1.430511474609375e-06,0.0007147789001464844
convnet_L3_F704_K3x3_W35,0.10662494421005249,1.1920928955078125e-06,0.0008115768432617188
convnet_L3_F704_K3x3_W40,0.111936776638031,1.430511474609375e-06,0.0008320808410644531
convnet_L3_F704_K3x3_W45,0.13447485685348512,1.430511474609375e-06,0.00069427490234375
convnet_L3_F704_K3x3_W50,0.19862789154052735,4.0531158447265625e-06,0.0019032955169677734
convnet_L3_F704_K3x3_W55,0.19704259872436525,3.337860107421875e-06,0.0010917186737060547
convnet_L3_F704_K3x3_W60,0.22667932033538818,1.6689300537109375e-06,0.0008471012115478516
convnet_L3_F704_K3x3_W65,0.3093337821960449,1.430511474609375e-06,0.0007863044738769531
convnet_L3_F704_K3x3_W70,0.31547837018966673,1.1920928955078125e-06,0.0007350444793701172
convnet_L3_F704_K4x4_W25,0.14074053049087523,3.5762786865234375e-06,0.0009157657623291016
convnet_L3_F704_K4x4_W30,0.18589667558670045,1.430511474609375e-06,0.0006551742553710938
convnet_L3_F704_K4x4_W35,0.2496168088912964,1.9073486328125e-06,0.0010895729064941406
convnet_L3_F704_K4x4_W40,0.31536524534225463,1.1920928955078125e-06,0.000614166259765625
convnet_L3_F704_K4x4_W45,0.3869792032241821,1.430511474609375e-06,0.0006265640258789062
convnet_L3_F704_K4x4_W50,0.4741604995727539,3.5762786865234375e-06,0.0016601085662841797
convnet_L3_F736_K1x1_W100,0.26887176275253294,1.9073486328125e-06,0.0007426738739013672
convnet_L3_F736_K1x1_W95,0.2571467566490173,1.1920928955078125e-06,0.0007107257843017578
convnet_L3_F736_K2x2_W45,0.19539662837982177,1.430511474609375e-06,0.0006628036499023438
convnet_L3_F736_K2x2_W50,0.21047903776168822,1.6689300537109375e-06,0.0006837844848632812
convnet_L3_F736_K2x2_W55,0.23764182567596437,1.1920928955078125e-06,0.0006725788116455078
convnet_L3_F736_K2x2_W60,0.2871613192558289,1.430511474609375e-06,0.0006647109985351562
convnet_L3_F736_K2x2_W65,0.3264271879196167,1.1920928955078125e-06,0.0006806850433349609
convnet_L3_F736_K2x2_W70,0.37147500038146974,1.430511474609375e-06,0.0006656646728515625
convnet_L3_F736_K2x2_W75,0.4179678463935852,1.6689300537109375e-06,0.0007030963897705078
convnet_L3_F736_K2x2_W80,0.4684501051902771,1.430511474609375e-06,0.0006546974182128906
convnet_L3_F736_K2x2_W85,0.5257944798469544,1.430511474609375e-06,0.0006821155548095703
convnet_L3_F736_K2x2_W90,0.5799711084365845,1.1920928955078125e-06,0.0006937980651855469
convnet_L3_F736_K2x2_W95,0.6426846146583557,1.430511474609375e-06,0.0007524490356445312
convnet_L3_F736_K3x3_W35,0.11619322776794433,4.291534423828125e-06,0.0017697811126708984
convnet_L3_F736_K3x3_W40,0.12020251274108887,1.9073486328125e-06,0.0008554458618164062
convnet_L3_F736_K3x3_W45,0.14368605375289917,1.430511474609375e-06,0.0009360313415527344
convnet_L3_F736_K3x3_W50,0.21420767784118652,1.1920928955078125e-06,0.0008022785186767578
convnet_L3_F736_K3x3_W55,0.2212979316711426,1.430511474609375e-06,0.0008323192596435547
convnet_L3_F736_K3x3_W60,0.2529653859138489,1.430511474609375e-06,0.0009410381317138672
convnet_L3_F736_K3x3_W65,0.3454346799850464,1.430511474609375e-06,0.0006444454193115234
convnet_L3_F736_K3x3_W70,0.3413413977622986,1.430511474609375e-06,0.0006577968597412109
convnet_L3_F736_K4x4_W25,0.1628189730644226,2.6226043701171875e-06,0.0014808177947998047
convnet_L3_F736_K4x4_W30,0.20596140384674072,2.86102294921875e-06,0.0019488334655761719
convnet_L3_F736_K4x4_W35,0.28081779956817626,2.1457672119140625e-06,0.0011687278747558594
convnet_L3_F736_K4x4_W40,0.3519796347618103,3.337860107421875e-06,0.0018768310546875
convnet_L3_F736_K4x4_W45,0.4332354402542114,3.337860107421875e-06,0.0006852149963378906
convnet_L3_F736_K4x4_W50,0.5244853234291077,1.6689300537109375e-06,0.0011301040649414062
convnet_L3_F768_K1x1_W100,0.26607940435409544,1.1920928955078125e-06,0.0006933212280273438
convnet_L3_F768_K1x1_W90,0.2190456509590149,1.430511474609375e-06,0.0006926059722900391
convnet_L3_F768_K1x1_W95,0.2433517360687256,1.430511474609375e-06,0.0007145404815673828
convnet_L3_F768_K2x2_W40,0.19310792684555053,1.430511474609375e-06,0.0006816387176513672
convnet_L3_F768_K2x2_W45,0.20235400438308715,1.430511474609375e-06,0.0006911754608154297
convnet_L3_F768_K2x2_W50,0.21566584587097168,1.430511474609375e-06,0.0007009506225585938
convnet_L3_F768_K2x2_W55,0.25102835416793823,1.1920928955078125e-06,0.0006718635559082031
convnet_L3_F768_K2x2_W60,0.3206114053726196,1.6689300537109375e-06,0.0006747245788574219
convnet_L3_F768_K2x2_W65,0.3492279982566833,1.1920928955078125e-06,0.0006768703460693359
convnet_L3_F768_K2x2_W70,0.39848541498184203,1.6689300537109375e-06,0.0007190704345703125
convnet_L3_F768_K2x2_W75,0.4527761650085449,1.430511474609375e-06,0.0006859302520751953
convnet_L3_F768_K2x2_W80,0.504153106212616,1.430511474609375e-06,0.0006873607635498047
convnet_L3_F768_K2x2_W85,0.5642486023902893,1.1920928955078125e-06,0.0007305145263671875
convnet_L3_F768_K2x2_W90,0.6226065087318421,1.430511474609375e-06,0.0006897449493408203
convnet_L3_F768_K2x2_W95,0.6896701097488404,1.430511474609375e-06,0.0007011890411376953
convnet_L3_F768_K3x3_W35,0.1255011534690857,1.430511474609375e-06,0.0010159015655517578
convnet_L3_F768_K3x3_W40,0.12796883821487426,3.5762786865234375e-06,0.0018229484558105469
convnet_L3_F768_K3x3_W45,0.15598836421966553,1.9073486328125e-06,0.0012018680572509766
convnet_L3_F768_K3x3_W50,0.23005566358566285,1.430511474609375e-06,0.0009684562683105469
convnet_L3_F768_K3x3_W55,0.23891153335571289,1.430511474609375e-06,0.0008034706115722656
convnet_L3_F768_K3x3_W60,0.263598780632019,1.430511474609375e-06,0.0007565021514892578
convnet_L3_F768_K3x3_W65,0.36189937591552734,2.6226043701171875e-06,0.0015406608581542969
convnet_L3_F768_K4x4_W25,0.16791245460510254,3.337860107421875e-06,0.001959562301635742
convnet_L3_F768_K4x4_W30,0.2179934549331665,1.430511474609375e-06,0.0006098747253417969
convnet_L3_F768_K4x4_W35,0.2912630796432495,3.337860107421875e-06,0.0013110637664794922
convnet_L3_F768_K4x4_W40,0.36883283853530885,1.430511474609375e-06,0.0006837844848632812
convnet_L3_F768_K4x4_W45,0.45150405406951905,1.6689300537109375e-06,0.0006515979766845703
