Model Name,Layers,Total Parameters,Total MACs,Network Type,Input Size,Avrg_RAM,Avrg_SWAP,Avrg_IRAM,Avrg_CPU,Avrg_GPU,Avrg_EMC_FREQ,Avrg_APE,Avrg_CPU_TEMP,Avrg_PMIC,Avrg_THERMAL,Avrg_POM_5V_IN,Avrg_POM_5V_GPU,Avrg_POM_5V_CPU,Avrg_PLL,Avrg_AO,Avrg_GPU_TEMP,num_inferences,Average Inference Time (seconds),Total_POM_5V_IN,Total_POM_5V_GPU,Total_POM_5V_CPU,average_latency(ms),GPU_energy_per_inference,CPU_energy_per_inference
convnet_L6_F128_K4x4_W90,6,13114122,11653534602,ConvNet,90,1871.0,479.0,0.0,3.847457627118644,94.8813559322034,12.610169491525424,25.0,35.44444444444444,50.0,33.34375,6459.6949152542375,4488.677966101695,166.22033898305085,27.96551724137931,43.38,31.676470588235293,447,0.132181158065796,381122.0,264832.0,9807.0,133.30063819885248,592.4653243847874,21.93959731543624
convnet_L6_F128_K4x4_W100,6,15699722,14264655242,ConvNet,100,1895.0,481.0,0.0,3.317796610169492,97.28813559322032,12.779661016949152,25.0,35.97058823529412,50.0,34.25,6569.525423728814,4583.406779661017,125.91525423728814,28.8,43.833333333333336,32.111111111111114,369,0.162785623073578,387602.0,270421.0,7429.0,161.73751592636108,732.8482384823848,20.132791327913278
convnet_L6_F256_K3x3_W60,6,12173578,10656460810,ConvNet,60,1900.0,477.0,0.0,5.1059322033898304,93.64406779661016,50.3728813559322,25.0,35.71875,50.0,34.005208333333336,7346.627118644068,4630.593220338983,163.0677966101695,28.818181818181817,43.75714285714286,32.28,730,0.0835441088676452,433451.0,273205.0,9621.0,81.8297338485717,374.25342465753425,13.17945205479452
convnet_L6_F256_K3x3_W70,6,15501578,14504627210,ConvNet,70,1931.864406779661,477.0,0.0,4.194915254237288,94.864406779661,50.42372881355932,25.0,35.64705882352941,50.0,33.97058823529412,7451.033898305085,4708.796610169492,140.3728813559322,29.0,43.810344827586206,32.3448275862069,527,0.115512228012085,439611.0,277819.0,8282.0,113.2718825340271,527.1707779886148,15.715370018975332
convnet_L6_F256_K3x3_W80,6,19341578,18944819210,ConvNet,80,1967.033898305085,477.0,0.0,3.745762711864407,92.8813559322034,54.10169491525424,25.0,35.689655172413794,50.0,34.025510204081634,7424.610169491525,4659.084745762712,134.45762711864407,28.84,43.86,32.516129032258064,463,0.135137383937836,438052.0,274886.0,7933.0,128.83247375488278,593.7062634989201,17.13390928725702
convnet_L6_F256_K3x3_W90,6,23693578,23977036810,ConvNet,90,2010.0,477.0,0.0,3.3836206896551726,97.93103448275862,51.08620689655172,25.0,35.638888888888886,50.0,33.963541666666664,7467.172413793103,4709.741379310345,126.63793103448276,28.766666666666666,43.98,32.53125,332,0.18854850769043,433096.0,273165.0,7345.0,179.36549663543698,822.7861445783133,22.123493975903614
convnet_L6_F256_K3x3_W100,6,28557578,29601280010,ConvNet,100,2055.1525423728813,478.0,0.0,3.01271186440678,97.864406779661,52.271186440677965,25.0,34.85294117647059,50.0,33.2875,7459.694915254237,4670.847457627118,147.08474576271186,28.057142857142857,43.05263157894737,31.705882352941178,265,0.233381989002228,440122.0,275580.0,8678.0,226.670503616333,1039.9245283018868,32.74716981132075
convnet_L6_F256_K2x2_W80,6,25901578,11175896842,ConvNet,80,2261.0508474576272,478.0,0.0,5.398305084745763,93.67796610169492,20.16949152542373,25.0,33.97222222222222,50.0,32.15816326530612,6086.610169491525,3982.288135593221,144.864406779661,27.32258064516129,41.596774193548384,30.677419354838708,367,0.165158977508545,359110.0,234955.0,8547.0,162.89826154708862,640.2043596730246,23.28882833787466
convnet_L6_F256_K2x2_W90,6,31175178,13732307722,ConvNet,90,2310.051724137931,478.0,0.0,4.956896551724138,91.56896551724138,20.46551724137931,25.0,33.78260869565217,50.0,32.01442307692308,6124.672413793103,4027.793103448276,143.74137931034485,27.4,41.53225806451613,30.558823529411764,302,0.215167670249939,355231.0,233612.0,8337.0,198.2318186759948,773.5496688741722,27.605960264900663
convnet_L6_F256_K2x2_W100,6,36960778,16552296202,ConvNet,100,2371.3728813559323,478.0,0.0,4.639830508474576,93.96610169491524,20.779661016949152,25.0,34.25806451612903,50.0,32.11842105263158,6189.050847457627,4062.0,141.15254237288136,27.405405405405407,42.1551724137931,30.714285714285715,253,0.235589094161987,365154.0,239658.0,8328.0,236.1375021934509,947.2648221343874,32.91699604743083
convnet_L6_F256_K4x4_W40,6,10673674,10189685514,ConvNet,40,1831.0,476.0,0.0,4.094827586206897,99.0,11.517241379310343,25.0,35.666666666666664,50.0,33.91428571428571,6338.172413793103,4342.344827586207,134.89655172413794,28.5,43.6,31.96875,530,0.112372815608978,367614.0,251856.0,7824.0,112.7554607391357,475.2,14.762264150943397
convnet_L6_F256_K4x4_W50,6,13284874,15343113994,ConvNet,50,1860.0,476.0,0.0,3.1779661016949152,94.7457627118644,11.694915254237287,25.0,35.645161290322584,50.0,33.479729729729726,6568.254237288135,4622.796610169492,147.25423728813558,27.94117647058824,44.24193548387097,31.676470588235293,362,0.167018363475799,387527.0,272745.0,8688.0,165.40401458740232,753.439226519337,24.0
convnet_L6_F256_K4x4_W60,6,16408074,21548395274,ConvNet,60,1887.2203389830509,476.0,0.0,2.733050847457627,98.0,11.47457627118644,25.0,35.4375,50.0,33.37234042553192,6524.118644067797,4605.457627118644,124.42372881355932,27.88095238095238,43.91935483870968,31.47826086956522,259,0.233045799732208,384923.0,271722.0,7341.0,231.41746282577512,1049.1196911196912,28.343629343629345
convnet_L6_F256_K4x4_W70,6,20043274,28805529354,ConvNet,70,1920.0,476.0,0.0,2.4322033898305087,98.83050847457628,12.067796610169491,25.0,35.2972972972973,50.0,33.2828947368421,6453.338983050848,4522.084745762712,132.10169491525423,27.866666666666667,43.58,31.512820512820515,197,0.305181715488434,380747.0,266803.0,7794.0,304.4095087051391,1354.3299492385786,39.56345177664975
convnet_L6_F256_K4x4_W80,6,24190474,37114516234,ConvNet,80,1956.2881355932204,476.0,0.0,2.3686440677966103,98.32203389830508,11.728813559322036,25.0,35.60606060606061,50.0,33.292682926829265,6643.28813559322,4682.745762711865,150.71186440677965,27.90322580645161,44.274193548387096,31.55172413793104,154,0.391082496643066,391954.0,276282.0,8892.0,389.4249868392944,1794.0389610389611,57.74025974025974
convnet_L6_F256_K4x4_W90,6,28849674,46475355914,ConvNet,90,2000.9310344827584,475.3965517241379,0.0,2.146551724137931,97.96551724137932,11.741379310344827,25.0,35.74193548387097,50.0,33.38970588235294,6564.258620689655,4640.741379310345,123.6896551724138,27.9375,43.9,31.63888888888889,123,0.490304317474365,380727.0,269163.0,7174.0,487.3069453239441,2188.317073170732,58.32520325203252
convnet_L6_F512_K3x3_W30,6,16421386,10636646410,ConvNet,30,2069.423728813559,474.0,0.0,5.504237288135593,92.71186440677968,52.15254237288136,25.0,36.407407407407405,50.0,34.41847826086956,7747.016949152542,4982.677966101695,165.91525423728814,29.08,44.74,32.69444444444444,809,0.0741852235794067,457074.0,293978.0,9789.0,73.8759469985961,363.38442521631646,12.100123609394315
convnet_L6_F512_K3x3_W40,6,20005386,18909593610,ConvNet,40,2101.0338983050847,474.0,0.0,4.3559322033898304,92.67796610169492,57.23728813559322,25.0,36.8,50.0,34.7,7901.762711864407,5064.559322033899,128.72881355932202,28.92,45.208333333333336,33.035714285714285,445,0.136821534633636,466204.0,298809.0,7595.0,135.8979606628418,671.4808988764045,17.06741573033708
convnet_L6_F512_K3x3_W50,6,24613386,29546240010,ConvNet,50,2139.4406779661017,474.0,0.0,3.0296610169491527,95.64406779661016,55.30508474576271,25.0,36.142857142857146,50.0,34.50581395348837,7654.508474576271,4850.813559322034,126.1864406779661,29.074074074074076,44.79166666666666,32.888888888888886,245,0.254454374313354,451616.0,286198.0,7445.0,244.9351978302002,1168.1551020408162,30.387755102040817
convnet_L6_F512_K3x3_W60,6,30245386,42546585610,ConvNet,60,2193.898305084746,474.0,0.0,3.2033898305084745,98.27118644067797,58.23728813559322,25.0,36.66666666666666,50.0,34.85227272727273,8022.71186440678,5132.35593220339,124.42372881355932,29.55555555555556,45.5625,33.266666666666666,211,0.285901815891266,473340.0,302809.0,7341.0,284.8406457901001,1435.1137440758293,34.791469194312796
convnet_L6_F512_K1x1_W80,6,44651018,10237653002,ConvNet,80,2367.745762711864,475.0,0.0,4.889830508474576,95.08474576271186,36.11864406779661,25.0,33.0,50.0,31.27380952380953,6119.661016949152,3689.4745762711855,133.52542372881356,26.951219512195124,40.554054054054056,30.03846153846154,302,0.201900751590729,361060.0,217679.0,7878.0,198.517906665802,720.7913907284768,26.08609271523179
convnet_L6_F512_K1x1_W90,6,54583818,12693850122,ConvNet,90,2451.64406779661,475.0,0.0,4.690677966101695,96.8813559322034,34.03389830508475,25.0,32.9375,50.0,31.1375,6012.28813559322,3582.491525423729,136.40677966101694,26.916666666666668,40.196969696969695,29.727272727272727,254,0.235407638549805,354725.0,211367.0,8048.0,235.1825523376464,832.1535433070866,31.68503937007874
convnet_L6_F512_K1x1_W100,6,65540618,15414136842,ConvNet,100,2557.508474576271,475.0,0.0,4.148305084745763,95.864406779661,31.0,25.0,33.285714285714285,50.0,31.45555555555556,5856.728813559322,3525.694915254237,140.77966101694915,27.29032258064516,40.392857142857146,30.05555555555556,209,0.288797543048859,345547.0,208016.0,8306.0,286.66064739227295,995.2918660287081,39.74162679425837
convnet_L6_F512_K2x2_W40,6,22475786,14307618314,ConvNet,40,2173.35593220339,475.0,0.0,4.262711864406779,98.6271186440678,20.406779661016948,25.0,33.96666666666667,50.0,32.148936170212764,6312.966101694915,4214.881355932203,129.66101694915255,27.045454545454547,42.30555555555556,30.73076923076923,280,0.217676956653595,372465.0,248678.0,7650.0,214.07766103744498,888.1357142857142,27.321428571428573
convnet_L6_F512_K2x2_W50,6,28926986,20300260874,ConvNet,50,2222.9491525423728,475.0,0.0,3.8177966101694913,95.83050847457628,21.42372881355932,25.0,34.6551724137931,50.0,32.88194444444444,6655.864406779661,4499.220338983051,129.27118644067798,27.73333333333333,42.95454545454545,31.12,218,0.275959165096283,392696.0,265454.0,7627.0,276.196985244751,1217.6788990825687,34.98623853211009
convnet_L6_F512_K2x2_W60,6,36402186,27344346634,ConvNet,60,2283.627118644068,475.0,0.0,3.6779661016949152,96.33898305084746,22.406779661016948,25.0,34.972972972972975,50.0,33.279761904761905,6693.745762711865,4539.796610169492,129.3050847457627,27.818181818181817,43.07692307692308,31.5,162,0.378071227073669,394931.0,267848.0,7629.0,371.7136859893798,1653.3827160493827,47.092592592592595
convnet_L6_F512_K2x2_W70,6,44901386,35439875594,ConvNet,70,2364.3898305084745,474.0,0.0,3.0762711864406778,99.0,22.983050847457623,25.0,35.371428571428574,50.0,33.29878048780488,6761.440677966101,4586.525423728814,136.77966101694915,27.79310344827586,43.672413793103445,31.72972972972973,126,0.481236152648926,398925.0,270605.0,8070.0,477.6530718803405,2147.65873015873,64.04761904761905
convnet_L6_F512_K2x2_W80,6,54424586,44586847754,ConvNet,80,2436.0169491525426,474.0,0.0,2.1779661016949152,96.50847457627118,23.42372881355932,25.0,35.37931034482759,50.0,33.51829268292683,6714.830508474576,4564.35593220339,137.3728813559322,28.0,43.58571428571429,31.666666666666668,100,0.618407354354858,396175.0,269297.0,8105.0,599.2919111251831,2692.97,81.05
convnet_L6_F512_K4x4_W20,6,24460298,12137543178,ConvNet,20,1923.8813559322036,474.0,0.0,3.8389830508474576,93.94915254237289,10.76271186440678,25.0,36.44,50.0,34.55555555555556,6590.474576271186,4637.28813559322,138.28813559322035,29.0,45.42592592592592,32.93939393939394,428,0.139682803153992,388838.0,273600.0,8159.0,140.1546263694763,639.2523364485982,19.063084112149532
convnet_L6_F512_K4x4_W30,6,27634698,24318729738,ConvNet,30,1947.7627118644068,473.0,0.0,2.7033898305084745,96.16949152542372,10.728813559322036,25.0,36.05263157894737,50.0,34.16847826086956,6634.440677966101,4693.6949152542375,134.64406779661016,28.0,45.0,31.964285714285715,228,0.266740281581879,391432.0,276928.0,7944.0,263.389823436737,1214.5964912280701,34.8421052631579
convnet_L6_F512_K4x4_W40,6,31833098,40700773898,ConvNet,40,1985.0,473.0,0.0,2.402542372881356,97.42372881355932,12.05084745762712,25.0,36.10344827586207,50.0,34.00568181818182,6837.406779661017,4831.610169491525,149.0,28.26923076923077,44.9,31.88888888888889,141,0.425196392536163,403407.0,285065.0,8791.0,425.5515837669372,2021.7375886524824,62.347517730496456
convnet_L6_F1024_K3x3_W20,6,51315722,18891980810,ConvNet,20,2877.0508474576272,465.0,0.0,2.7033898305084745,95.44067796610167,49.83050847457627,25.0,35.07692307692308,50.0,33.244791666666664,7449.1016949152545,4751.152542372882,133.83050847457628,28.25,43.10869565217392,31.51851851851852,306,0.19728848695755,439497.0,280318.0,7896.0,195.6790614128112,916.0718954248366,25.80392156862745
convnet_L6_F1024_K3x3_W30,6,56435722,42506956810,ConvNet,30,2921.0,485.0,0.0,2.343220338983051,96.47457627118644,53.54237288135593,25.0,36.0,50.0,33.916666666666664,8097.305084745762,5355.728813559322,122.91525423728814,28.27586206896552,44.42,32.310344827586206,225,0.26676127910614,477741.0,315988.0,7252.0,266.00699186325073,1404.391111111111,32.23111111111111
convnet_L6_F1024_K1x1_W40,6,32941066,12168290314,ConvNet,40,2041.8983050847455,438.0,0.0,5.211864406779661,96.50847457627118,31.16949152542373,25.0,34.68,50.0,32.88372093023256,6399.406779661017,4032.254237288136,143.59322033898306,27.97142857142857,42.44285714285714,31.264705882352946,333,0.202033004760742,377565.0,237903.0,8472.0,180.0571703910827,714.4234234234234,25.44144144144144
convnet_L6_F1024_K1x1_W50,6,44614666,17746694154,ConvNet,50,2090.0,438.0,0.0,3.8177966101694913,96.69491525423727,32.49152542372882,25.0,34.142857142857146,50.0,32.317708333333336,6431.0,4088.186440677966,133.76271186440678,27.32258064516129,41.68918918918919,30.807692307692307,233,0.262976603507996,379429.0,241203.0,7892.0,257.4177169799804,1035.206008583691,33.871244635193136
convnet_L6_F1024_K1x1_W60,6,58336266,24377565194,ConvNet,60,2149.0,438.0,0.0,3.9745762711864407,97.59322033898304,33.05084745762712,25.0,34.10526315789474,50.0,32.31818181818182,6499.220338983051,4129.406779661017,135.4406779661017,27.51428571428572,42.310810810810814,30.84,172,0.351611168384552,383454.0,243635.0,7991.0,349.10263538360596,1416.4825581395348,46.4593023255814
convnet_L6_F1024_K1x1_W70,6,74105866,32060903434,ConvNet,70,2291.084745762712,438.0,0.0,2.902542372881356,94.7457627118644,33.067796610169495,25.0,34.03030303030303,50.0,32.369565217391305,6455.542372881356,4108.338983050848,134.47457627118644,27.46153846153846,41.73684210526316,30.714285714285715,132,0.455593726634979,380877.0,242392.0,7934.0,454.2191791534424,1836.3030303030303,60.10606060606061
convnet_L6_F1024_K1x1_W80,6,91923466,40796708874,ConvNet,80,2443.4576271186443,438.0,0.0,2.6822033898305087,97.45762711864408,33.23728813559322,25.0,34.25714285714286,50.0,32.36702127659574,6597.932203389831,4187.508474576272,170.72881355932202,27.542857142857144,42.21428571428572,30.884615384615383,104,0.580459804534912,389278.0,247063.0,10073.0,580.3735852241516,2375.605769230769,96.85576923076923
convnet_L6_F1024_K2x2_W10,6,29018122,10540551178,ConvNet,10,2023.9830508474577,439.0,0.0,5.25,92.71186440677968,16.084745762711865,25.0,34.82142857142857,50.0,33.09375,6381.64406779661,4325.101694915255,135.83050847457628,27.944444444444443,42.95454545454545,31.272727272727277,427,0.140755169391632,376517.0,255181.0,8014.0,140.8452296257019,597.6135831381733,18.76814988290398
convnet_L6_F1024_K2x2_W20,6,35776522,21879487498,ConvNet,20,2049.9491525423728,439.0,0.0,3.046610169491525,97.72881355932203,20.47457627118644,25.0,34.40625,50.0,32.65816326530612,6484.745762711865,4308.389830508475,136.23728813559322,27.37837837837838,42.34375,31.0,196,0.315118365287781,382600.0,254195.0,8038.0,308.0756688117981,1296.9132653061224,41.01020408163265
convnet_L6_F1024_K2x2_W30,6,44582922,37418462218,ConvNet,30,2083.966101694916,439.0,0.0,2.9788135593220337,96.76271186440678,23.305084745762716,25.0,34.2,50.0,32.43181818181818,6442.71186440678,4193.813559322034,132.3050847457627,27.68421052631579,42.13333333333333,31.03333333333333,105,0.591682035923004,380120.0,247435.0,7806.0,572.461416721344,2356.5238095238096,74.34285714285714
convnet_L7_F128_K4x4_W80,7,11268234,11291554570,ConvNet,80,1725.0,472.0,0.0,3.610169491525424,94.71186440677968,16.52542372881356,25.0,35.484848484848484,50.0,33.589285714285715,6553.423728813559,4527.237288135593,126.54237288135592,28.0,43.46666666666667,31.78125,455,0.137042860984802,386652.0,267107.0,7466.0,131.65756225585932,587.0483516483516,16.408791208791207
convnet_L7_F128_K4x4_W90,7,13623434,14121498890,ConvNet,90,1737.8135593220338,472.0,0.0,3.3728813559322037,94.864406779661,12.694915254237287,25.0,35.42424242424242,50.0,33.56111111111111,6521.677966101695,4615.9152542372885,127.91525423728814,27.97297297297297,43.56896551724138,31.764705882352946,378,0.156561379432678,384779.0,272339.0,7547.0,158.1950664520263,720.473544973545,19.965608465608465
convnet_L7_F128_K4x4_W100,7,16234634,17267680010,ConvNet,100,1752.0,472.0,0.0,3.152542372881356,95.8813559322034,12.71186440677966,25.0,35.486486486486484,50.0,33.41428571428571,6578.28813559322,4641.576271186441,124.44067796610167,27.92,43.56666666666667,31.647058823529413,312,0.190196733474731,388119.0,273853.0,7342.0,191.3495254516601,877.7339743589744,23.53205128205128
convnet_L7_F256_K3x3_W60,7,12763658,12780748810,ConvNet,60,1748.0,471.0,0.0,5.064655172413793,92.3793103448276,51.22413793103448,25.0,35.666666666666664,50.0,34.11057692307692,7418.620689655172,4699.620689655172,138.58620689655172,28.818181818181817,43.875,32.542857142857144,624,0.0955707597732544,430280.0,272578.0,8038.0,95.5479001998901,436.82371794871796,12.881410256410257
convnet_L7_F256_K3x3_W70,7,16091658,17396019210,ConvNet,70,1766.8305084745762,471.0,0.0,3.665254237288136,93.05084745762711,51.94915254237288,25.0,35.607142857142854,50.0,34.005102040816325,7416.203389830508,4704.966101694915,127.32203389830508,28.928571428571427,43.86666666666667,32.53333333333333,451,0.134914574623108,437556.0,277593.0,7512.0,136.8882608413696,615.5055432372505,16.656319290465632
convnet_L7_F256_K3x3_W80,7,19931658,22721331210,ConvNet,80,1786.5084745762713,471.0,0.0,3.6440677966101696,94.20338983050848,55.15254237288136,25.0,35.857142857142854,50.0,34.23913043478261,7531.779661016949,4765.28813559322,128.4915254237288,29.07692307692308,44.29166666666666,32.607142857142854,398,0.155734231472015,444375.0,281152.0,7581.0,150.0835561752319,706.4120603015075,19.047738693467338
convnet_L7_F256_K3x3_W90,7,24283658,28756684810,ConvNet,90,1827.0357142857144,470.1607142857143,0.0,3.0267857142857144,95.94642857142856,52.30357142857143,25.0,36.371428571428574,50.0,34.44230769230769,7620.428571428572,4839.714285714285,125.85714285714286,29.392857142857142,44.92307692307692,32.78260869565217,285,0.209453628063202,426744.0,271024.0,7048.0,211.4857840538025,950.9614035087719,24.729824561403507
convnet_L7_F256_K3x3_W100,7,29147658,35502080010,ConvNet,100,1872.033898305085,471.0,0.0,2.8686440677966103,95.3728813559322,53.25423728813559,25.0,34.888888888888886,50.0,33.458333333333336,7491.016949152542,4700.016949152542,133.72881355932202,28.07692307692308,43.23529411764706,31.724137931034484,226,0.268440918922424,441970.0,277301.0,7890.0,263.8683867454529,1226.995575221239,34.91150442477876
convnet_L7_F256_K2x2_W70,7,22777098,11057372682,ConvNet,70,2029.1016949152545,471.0,0.0,5.966101694915254,94.28813559322032,19.54237288135593,25.0,34.03333333333333,50.0,32.239583333333336,6183.101694915255,4077.5593220338974,160.54237288135593,27.363636363636363,42.3780487804878,30.742857142857144,380,0.162605638504028,364803.0,240576.0,9472.0,157.9268097877502,633.0947368421052,24.926315789473684
convnet_L7_F256_K2x2_W80,7,27692298,13854167562,ConvNet,80,2076.0508474576272,471.0,0.0,5.088983050847458,97.03389830508476,20.406779661016948,25.0,33.9,50.0,32.24444444444445,6155.3050847457625,4064.135593220339,143.96610169491527,27.06451612903226,41.97222222222222,30.696969696969692,307,0.194170532226562,363163.0,239784.0,8494.0,194.4435715675354,781.0553745928339,27.667752442996743
convnet_L7_F256_K2x2_W90,7,33119498,16967020042,ConvNet,90,2127.0,471.0,0.0,4.834745762711864,95.42372881355932,20.47457627118644,25.0,33.84848484848485,50.0,32.0625,6251.033898305085,4155.9152542372885,130.35593220338984,27.291666666666668,42.41666666666666,30.6875,253,0.239907903671265,368811.0,245199.0,7691.0,236.9855332374572,969.1660079051384,30.399209486166008
convnet_L7_F256_K2x2_W100,7,39058698,20395930122,ConvNet,100,2178.423728813559,472.0,0.0,3.7584745762711855,95.10169491525424,21.372881355932204,25.0,34.241379310344826,50.0,32.55232558139535,6288.372881355932,4209.101694915255,131.15254237288136,27.4375,42.57407407407408,31.0,213,0.302548563480377,371014.0,248337.0,7738.0,281.804678440094,1165.9014084507041,36.328638497652584
convnet_L7_F256_K4x4_W40,7,11960586,12506793482,ConvNet,40,1719.0,470.0,0.0,3.809322033898305,95.61016949152544,10.71186440677966,25.0,35.96969696969697,50.0,34.14375,6465.508474576272,4561.152542372882,123.8813559322034,29.0,44.86666666666667,32.22727272727273,438,0.136119377613068,381465.0,269108.0,7309.0,135.86472272872922,614.4018264840182,16.687214611872147
convnet_L7_F256_K4x4_W50,7,14622986,18751058442,ConvNet,50,1732.0169491525423,470.0,0.0,2.9533898305084745,95.1864406779661,11.457627118644067,25.0,35.675,50.0,33.51219512195122,6458.9152542372885,4532.966101694915,134.27118644067798,28.045454545454547,44.06666666666667,31.84210526315789,300,0.206573514938354,381076.0,267445.0,7922.0,199.8773860931396,891.4833333333333,26.406666666666666
convnet_L7_F256_K4x4_W60,7,17797386,26256942602,ConvNet,60,1745.0,470.0,0.0,2.788135593220339,96.49152542372882,15.52542372881356,25.0,35.75,50.0,33.7890625,6782.389830508475,4681.8983050847455,160.23728813559322,28.217391304347824,44.23076923076923,31.75,214,0.28164567232132,400161.0,276232.0,9454.0,279.8478174209595,1290.803738317757,44.177570093457945
convnet_L7_F256_K4x4_W70,7,21483786,35024445962,ConvNet,70,1761.4915254237287,470.0,0.0,2.580508474576271,97.57627118644068,16.06779661016949,25.0,35.925925925925924,50.0,33.90909090909091,6853.118644067797,4745.186440677966,125.61016949152544,28.74074074074074,44.36206896551724,31.96,164,0.366081326007843,404334.0,279966.0,7411.0,366.47978305816645,1707.1097560975609,45.1890243902439
convnet_L7_F256_K4x4_W80,7,25682186,45053568522,ConvNet,80,1781.0677966101696,470.0,0.0,1.7923728813559323,95.66101694915254,11.728813559322036,25.0,36.0,50.0,33.9593023255814,6611.440677966101,4691.0,138.20338983050848,28.55555555555556,44.27272727272727,31.952380952380956,128,0.472186918258667,390075.0,276769.0,8154.0,468.43559980392456,2162.2578125,63.703125
convnet_L7_F512_K3x3_W30,7,18781194,12760473610,ConvNet,30,2015.0,469.0,0.0,4.902542372881356,93.98305084745763,55.67796610169491,25.0,36.11538461538461,50.0,34.58139534883721,7781.033898305085,4981.932203389831,137.6271186440678,29.185185185185187,44.76923076923077,32.645161290322584,682,0.0928391075134277,459081.0,293934.0,8120.0,87.70557641983031,430.9882697947214,11.906158357771261
convnet_L7_F512_K3x3_W40,7,22365194,22685286410,ConvNet,40,2047.7627118644068,469.0,0.0,3.957627118644068,95.40677966101696,58.1864406779661,25.0,36.67741935483871,50.0,34.916666666666664,8059.050847457627,5184.203389830508,126.42372881355932,29.3125,45.54166666666666,33.2,379,0.160665946006775,475484.0,305868.0,7459.0,158.55898141860962,807.0395778364116,19.680738786279683
convnet_L7_F512_K3x3_W50,7,26973194,35445760010,ConvNet,50,2093.35593220339,469.0,0.0,2.9915254237288136,96.64406779661016,56.42372881355932,25.0,36.34285714285714,50.0,34.47222222222222,7742.050847457627,4864.576271186441,161.23728813559322,29.558823529411764,44.71875,32.96666666666667,207,0.292482657432556,456781.0,287010.0,9513.0,290.2320122718811,1386.5217391304348,45.95652173913044
convnet_L7_F512_K1x1_W80,7,46818314,12560386058,ConvNet,80,2239.7758620689656,469.0,0.0,4.896551724137931,94.46551724137932,36.93103448275862,25.0,33.035714285714285,50.0,31.482558139534884,6157.586206896552,3683.137931034483,138.51724137931035,27.074074074074076,40.72222222222222,30.1,257,0.234665033817291,357140.0,213622.0,8034.0,233.6667537689209,831.2140077821011,31.260700389105057
convnet_L7_F512_K1x1_W90,7,56955914,15536846858,ConvNet,90,2328.135593220339,469.0,0.0,4.436440677966102,96.67796610169492,36.03389830508475,25.0,33.06896551724138,50.0,31.3375,6135.050847457627,3679.186440677966,133.40677966101694,27.0,41.0,29.89655172413793,214,0.281611430644989,361968.0,217072.0,7871.0,281.7025899887085,1014.3551401869158,36.7803738317757
convnet_L7_F512_K1x1_W100,7,68117514,18829928458,ConvNet,100,2427.593220338983,469.0,0.0,4.004237288135593,95.72881355932203,30.25423728813559,25.0,33.63636363636363,50.0,31.8936170212766,5956.050847457627,3617.847457627119,130.89830508474577,27.272727272727277,41.14516129032258,30.48148148148148,181,0.349270505905151,351407.0,213453.0,7723.0,332.03272581100464,1179.2983425414366,42.668508287292816
convnet_L7_F512_K2x2_W30,7,19618314,12096617482,ConvNet,30,2011.8135593220336,469.0,0.0,4.572033898305085,96.0,20.35593220338983,25.0,33.95454545454545,50.0,32.15425531914894,6209.067796610169,4102.152542372882,142.66101694915255,27.166666666666668,42.05555555555556,30.625,311,0.192367601394653,366335.0,242027.0,8417.0,192.759850025177,778.2218649517685,27.064308681672024
convnet_L7_F512_K2x2_W40,7,25352714,18213102602,ConvNet,40,2057.0,469.0,0.0,4.220338983050848,96.84745762711864,20.42372881355932,25.0,34.233333333333334,50.0,32.32386363636363,6453.220338983051,4331.64406779661,128.0677966101695,27.594594594594597,42.41176470588236,30.923076923076923,232,0.262828640937805,380740.0,255567.0,7556.0,258.5883665084839,1101.5818965517242,32.56896551724138
convnet_L7_F512_K2x2_W50,7,32111114,25590848522,ConvNet,50,2107.0,469.0,0.0,3.1440677966101696,97.94915254237289,21.47457627118644,25.0,34.73529411764706,50.0,32.82065217391305,6654.152542372882,4488.949152542373,136.27118644067798,27.689655172413797,43.138888888888886,31.258064516129032,176,0.343946301937103,392595.0,264848.0,8040.0,341.8919372558593,1504.8181818181818,45.68181818181818
convnet_L7_F512_K2x2_W60,7,39893514,34229855242,ConvNet,60,2174.0,469.0,0.0,3.364406779661017,97.1186440677966,22.440677966101696,25.0,35.166666666666664,50.0,33.12765957446808,6744.576271186441,4560.067796610169,130.03389830508473,28.0,43.60714285714285,31.464285714285715,131,0.463025236129761,397930.0,269044.0,7672.0,457.2768712043762,2053.7709923664124,58.56488549618321
convnet_L7_F512_K2x2_W70,7,48699914,44130122762,ConvNet,70,2252.948275862069,469.0,0.0,2.952586206896552,98.22413793103448,23.310344827586206,25.0,35.333333333333336,50.0,33.56111111111111,6831.620689655172,4645.310344827586,129.91379310344828,28.11111111111111,44.023809523809526,31.9,103,0.586124186515808,396234.0,269428.0,7535.0,584.4441342353821,2615.8058252427186,73.15533980582525
convnet_L7_F512_K4x4_W20,7,28926474,15195835402,ConvNet,20,1843.0,469.0,0.0,3.2033898305084745,96.05084745762711,11.71186440677966,25.0,36.43478260869565,50.0,34.46,6645.8983050847455,4671.627118644068,132.05084745762713,28.973684210526315,45.1578947368421,32.69565217391305,352,0.170161993503571,392108.0,275626.0,7791.0,170.313549041748,783.0284090909091,22.133522727272727
convnet_L7_F512_K4x4_W30,7,32203274,30061806602,ConvNet,30,1871.0,468.0,0.0,2.7155172413793105,96.44827586206895,10.810344827586206,25.0,35.903225806451616,50.0,34.02272727272727,6692.844827586207,4754.086206896552,126.32758620689656,28.52,44.42857142857143,31.9,186,0.320477969646454,388185.0,275737.0,7327.0,321.8811297416687,1482.4569892473119,39.39247311827957
convnet_L7_F512_K4x4_W40,7,36504074,49967598602,ConvNet,40,1909.949152542373,468.0,0.0,2.3389830508474576,98.45762711864408,12.627118644067796,25.0,35.95652173913044,50.0,34.21022727272727,6847.28813559322,4834.203389830508,123.45762711864408,28.3,44.71739130434783,31.964285714285715,117,0.517875711917877,403990.0,285218.0,7284.0,514.5694994926453,2437.7606837606836,62.256410256410255
convnet_L7_F1024_K1x1_W40,7,36161546,15231094794,ConvNet,40,2266.0,473.0,0.0,4.526315789473684,96.66666666666669,32.578947368421055,25.0,34.70967741935484,50.0,33.06410256410256,6286.894736842105,4008.561403508772,135.7719298245614,28.0,42.78125,31.384615384615383,276,0.227113008499145,358353.0,228488.0,7739.0,218.1747603416443,827.8550724637681,28.03985507246377
convnet_L7_F1024_K1x1_W50,7,48244746,22048436234,ConvNet,50,2370.9491525423728,473.0,0.0,3.4322033898305087,95.50847457627118,33.03389830508475,25.0,34.65384615384615,50.0,32.78658536585366,6536.135593220339,4224.610169491525,130.89830508474577,27.676470588235293,42.33870967741935,31.14814814814815,194,0.310219814777374,385632.0,249252.0,7723.0,309.5470666885376,1284.8041237113403,39.80927835051546
convnet_L7_F1024_K1x1_W60,7,62375946,30128164874,ConvNet,60,2475.423728813559,473.0,0.0,3.694915254237288,97.77966101694916,33.16949152542373,25.0,34.86666666666667,50.0,32.64772727272727,6674.135593220339,4226.254237288135,184.98305084745763,27.5,42.62903225806452,30.782608695652176,144,0.441418991088867,393774.0,249349.0,10914.0,418.23111057281494,1731.5902777777778,75.79166666666667
convnet_L7_F1024_K1x1_W70,7,78555146,39470280714,ConvNet,70,2585.5,473.0,0.0,2.8491379310344827,99.0,33.48275862068966,25.0,34.67857142857143,50.0,32.75581395348837,6627.810344827586,4270.0,127.94827586206895,27.783783783783782,42.19565217391305,30.964285714285715,111,0.553909342288971,384413.0,247660.0,7421.0,544.612603187561,2231.171171171171,66.85585585585585
convnet_L7_F1024_K2x2_W10,7,35025930,14574073866,ConvNet,10,2204.0508474576272,473.0,0.0,4.360169491525424,93.7457627118644,15.64406779661017,25.0,35.21052631578947,50.0,33.25595238095238,6335.728813559322,4326.440677966101,136.61016949152545,27.94117647058824,43.22413793103448,31.321428571428573,319,0.191472675800323,373808.0,255260.0,8060.0,188.2268404960632,800.1880877742947,25.266457680250785
convnet_L7_F1024_K2x2_W20,7,42398730,28934260746,ConvNet,20,2275.0,472.0,0.0,2.580508474576271,97.10169491525424,21.52542372881356,25.0,34.5,50.0,32.56521739130435,6441.610169491525,4271.3050847457625,128.67796610169492,27.7,42.66666666666666,30.86206896551724,145,0.416132919788361,380055.0,252007.0,7592.0,413.91173362731934,1737.9793103448276,52.358620689655176
convnet_L7_F1024_K2x2_W30,7,51819530,48333551626,ConvNet,30,2369.0,472.0,0.0,2.114406779661017,97.30508474576273,23.64406779661017,25.0,34.58064516129032,50.0,32.48170731707317,6463.593220338983,4233.169491525424,127.2542372881356,27.724137931034484,42.310810810810814,30.794117647058822,82,0.734171578884125,381352.0,249757.0,7508.0,733.1735372543335,3045.817073170732,91.5609756097561
convnet_L7_F1024_K4x4_W10,7,103678986,21468399626,ConvNet,10,2713.338983050848,472.0,0.0,3.207627118644068,97.49152542372882,11.915254237288137,25.0,35.25,50.0,33.067708333333336,6551.728813559322,4524.338983050848,144.59322033898306,27.84375,43.46428571428572,30.88,216,0.278230497837067,386552.0,266936.0,8531.0,277.8748130798339,1235.8148148148148,39.495370370370374
convnet_L8_F128_K3x3_W100,8,13836682,10379520010,ConvNet,100,1755.0,468.0,0.0,5.241379310344827,93.70689655172414,49.08620689655172,25.0,34.46666666666667,50.0,33.025510204081634,6943.810344827586,4218.862068965517,129.67241379310346,28.6,42.47142857142857,31.73076923076923,640,0.0944120788574218,402741.0,244694.0,7521.0,93.2448959350586,382.334375,11.7515625
convnet_L8_F128_K4x4_W70,8,9629706,10373708298,ConvNet,70,1718.033898305085,467.0,0.0,4.423728813559322,93.47457627118644,11.728813559322036,25.0,35.57142857142857,50.0,33.61904761904762,6446.949152542373,4513.677966101695,144.94915254237287,28.11111111111111,43.72222222222222,31.75609756097561,513,0.115550329685211,380370.0,266307.0,8552.0,117.6798462867736,519.1169590643275,16.67056530214425
convnet_L8_F128_K4x4_W80,8,11754506,13322812938,ConvNet,80,1733.033898305085,467.0,0.0,3.8347457627118646,93.2542372881356,12.64406779661017,25.0,35.63157894736842,50.0,33.55921052631579,6553.067796610169,4614.813559322034,131.59322033898306,28.142857142857142,43.69230769230769,31.857142857142858,403,0.152928359508514,386631.0,272274.0,7764.0,147.6913928985595,675.6178660049628,19.265508684863523
convnet_L8_F128_K4x4_W90,8,14135306,16640608778,ConvNet,90,1748.7627118644068,467.0,0.0,3.2838983050847457,96.98305084745763,12.610169491525424,25.0,35.73529411764706,50.0,33.48255813953488,6607.525423728814,4654.8983050847455,143.15254237288136,28.07692307692308,43.958333333333336,31.61111111111111,327,0.182382979393005,389844.0,274639.0,8446.0,182.8490018844604,839.8746177370031,25.828746177370032
convnet_L8_F128_K4x4_W100,8,16772106,20327095818,ConvNet,100,1764.0,467.0,0.0,3.1336206896551726,95.82758620689656,12.689655172413794,25.0,35.714285714285715,50.0,33.91428571428571,6589.396551724138,4636.706896551724,130.13793103448276,28.40909090909091,43.95161290322581,31.77777777777778,269,0.224029364585876,382185.0,268929.0,7548.0,223.6235737800598,999.7360594795539,28.059479553903344
convnet_L8_F256_K3x3_W50,8,10537738,10350720010,ConvNet,50,1747.232142857143,467.0,0.0,5.294642857142857,93.98214285714286,50.32142857142857,25.0,35.72222222222222,50.0,34.07843137254902,7254.75,4514.357142857143,151.875,29.423076923076923,43.7962962962963,32.57575757575758,638,0.098796169757843,406266.0,252804.0,8505.0,93.7095952033996,396.2445141065831,13.330721003134796
convnet_L8_F256_K3x3_W60,8,13353738,14905036810,ConvNet,60,1761.0,467.0,0.0,4.419491525423729,95.08474576271186,52.25423728813559,25.0,35.94871794871795,50.0,34.24375,7494.203389830508,4753.762711864407,146.45762711864407,29.41935483870968,44.19230769230769,32.6764705882353,550,0.111899962425232,442158.0,280472.0,8641.0,108.5602712631225,509.9490909090909,15.710909090909091
convnet_L8_F256_K3x3_W70,8,16681738,20287411210,ConvNet,70,1776.0169491525423,467.0,0.0,3.8220338983050848,97.22033898305084,52.42372881355932,25.0,36.09375,50.0,34.42307692307692,7577.779661016949,4774.271186440678,143.0,29.346153846153847,44.535714285714285,32.833333333333336,396,0.153760569095611,447089.0,281682.0,8437.0,151.1400270462036,711.3181818181819,21.305555555555557
convnet_L8_F256_K3x3_W80,8,20521738,26497843210,ConvNet,80,1793.9322033898304,467.0,0.0,3.199152542372881,95.91525423728814,56.16949152542373,25.0,36.10344827586207,50.0,34.619565217391305,7679.932203389831,4862.101694915255,124.1864406779661,29.620689655172413,44.6,32.888888888888886,349,0.172444322109222,453116.0,286864.0,7327.0,171.025288105011,821.9598853868195,20.994269340974213
convnet_L8_F256_K3x3_W90,8,24873738,33536332810,ConvNet,90,1834.0,467.0,0.0,3.0635593220338984,97.15254237288136,52.94915254237288,25.0,36.07692307692308,50.0,34.546052631578945,7607.525423728814,4829.389830508475,128.35593220338984,29.714285714285715,44.67391304347826,33.03333333333333,249,0.244697370529175,448844.0,284934.0,7573.0,239.5478010177612,1144.313253012048,30.413654618473895
convnet_L8_F256_K3x3_W100,8,29737738,41402880010,ConvNet,100,1878.728813559322,467.0,0.0,3.016949152542373,98.6271186440678,57.88135593220339,25.0,34.964285714285715,50.0,33.489583333333336,7735.372881355932,4763.593220338983,136.3728813559322,28.65217391304348,43.20967741935484,32.03333333333333,194,0.316324090957642,456387.0,281052.0,8046.0,309.34360742568964,1448.721649484536,41.47422680412371
convnet_L8_F256_K2x2_W60,8,19903498,10429397002,ConvNet,60,2005.7796610169487,467.0,0.0,5.813559322033898,93.77966101694916,19.35593220338983,25.0,34.36666666666667,50.0,32.55,6137.084745762712,4059.4745762711855,153.23728813559322,27.90322580645161,42.46774193548387,31.0,405,0.151002495288849,362088.0,239509.0,9041.0,147.4197840690612,591.3802469135802,22.32345679012346
convnet_L8_F256_K2x2_W70,8,24460298,13377359882,ConvNet,70,2034.050847457627,467.0,0.0,5.61864406779661,94.6271186440678,20.305084745762716,25.0,34.333333333333336,50.0,32.57692307692308,6203.372881355932,4074.9661016949153,141.33898305084745,27.870967741935484,41.96666666666667,31.03448275862069,323,0.206012573242187,365999.0,240423.0,8339.0,185.5251502990722,744.343653250774,25.81733746130031
convnet_L8_F256_K2x2_W80,8,29529098,16693860362,ConvNet,80,2079.0,467.0,0.0,5.101694915254237,96.9322033898305,27.0,25.0,33.96153846153846,50.0,32.286458333333336,6395.372881355932,4112.016949152542,144.79661016949152,27.666666666666668,42.07575757575758,30.814814814814813,254,0.239422922134399,377327.0,242609.0,8543.0,236.535906791687,955.1535433070866,33.63385826771653
convnet_L8_F256_K2x2_W90,8,35109898,20378898442,ConvNet,90,2130.745762711864,467.0,0.0,4.622881355932203,95.98305084745763,20.57627118644068,25.0,34.35,50.0,32.351190476190474,6304.949152542373,4167.881355932203,146.33898305084745,27.71875,42.53225806451613,31.0,216,0.27964884519577,371992.0,245905.0,8634.0,277.1815490722656,1138.4490740740741,39.97222222222222
convnet_L8_F256_K2x2_W100,8,41202698,24432474122,ConvNet,100,2186.0,467.0,0.0,4.266949152542373,98.27118644067797,28.016949152542374,25.0,34.14705882352941,50.0,32.7037037037037,6143.864406779661,3679.35593220339,141.23728813559322,27.857142857142858,41.94117647058823,30.64,177,0.356092760562897,362488.0,217082.0,8333.0,340.49413681030273,1226.4519774011299,47.07909604519774
convnet_L8_F256_K4x4_W40,8,13252618,14923545610,ConvNet,40,1730.0,467.0,0.0,3.8262711864406778,94.16949152542372,14.203389830508474,25.0,36.48,50.0,34.421875,6667.084745762712,4632.169491525424,141.0,29.0,45.11764705882353,32.93333333333333,371,0.163710415363312,393358.0,273298.0,8319.0,160.7751107215881,736.6522911051213,22.423180592991915
convnet_L8_F256_K4x4_W50,8,15966218,22279623690,ConvNet,50,1743.966101694915,466.0,0.0,2.796610169491525,96.35593220338984,15.0,25.0,35.76923076923077,50.0,34.032407407407405,6758.745762711865,4709.406779661017,122.8813559322034,28.6,44.87931034482759,32.28,254,0.239790422916412,398766.0,277855.0,7250.0,235.9033370018005,1093.9173228346456,28.543307086614174
convnet_L8_F256_K4x4_W60,8,19191818,31107087370,ConvNet,60,1759.050847457627,466.0,0.0,2.4279661016949152,97.72881355932203,11.59322033898305,25.0,35.853658536585364,50.0,33.970238095238095,6595.661016949152,4640.864406779661,158.3728813559322,28.37037037037037,44.42592592592592,32.06896551724138,183,0.329831273555756,389144.0,273811.0,9344.0,327.7648496627807,1496.2349726775956,51.060109289617486
convnet_L8_F256_K4x4_W70,8,22929418,41405936650,ConvNet,70,1773.135593220339,466.0,0.0,2.3728813559322037,97.79661016949152,16.45762711864407,25.0,35.86206896551724,50.0,34.06666666666667,6866.271186440678,4754.64406779661,124.16949152542372,28.677419354838708,44.60526315789474,32.206896551724135,140,0.430737783908844,405110.0,280524.0,7326.0,429.7869110107422,2003.7428571428572,52.32857142857143
convnet_L8_F512_K3x3_W30,8,21141002,14884300810,ConvNet,30,2080.0,466.0,0.0,5.594827586206897,92.15517241379312,54.27586206896552,25.0,36.43333333333333,50.0,34.55555555555556,7886.224137931034,5085.862068965517,134.91379310344828,29.392857142857142,44.64814814814815,32.7,603,0.100538277626037,457401.0,294980.0,7825.0,99.6833515167236,489.18739635157544,12.976782752902157
convnet_L8_F512_K3x3_W40,8,24725002,26460979210,ConvNet,40,2111.3728813559323,466.0,0.0,4.194915254237288,94.864406779661,58.30508474576271,25.0,36.46875,50.0,34.875,7995.745762711865,5103.966101694915,152.25423728813558,29.6,44.72222222222222,33.13793103448276,328,0.183920297622681,471749.0,301134.0,8983.0,182.8867053985595,918.0914634146342,27.38719512195122
convnet_L8_F512_K3x3_W50,8,29333002,41345280010,ConvNet,50,2154.0338983050847,466.0,0.0,2.1779661016949152,96.2542372881356,56.389830508474574,25.0,36.05714285714286,50.0,34.58139534883721,7607.542372881356,4813.220338983051,139.03389830508473,29.64516129032258,44.79032258064516,32.96296296296296,179,0.333762669563293,448845.0,283980.0,8203.0,334.634404182434,1586.4804469273743,45.8268156424581
convnet_L8_F512_K1x1_W70,8,39708170,11844890634,ConvNet,70,2164.694915254237,466.0,0.0,5.279661016949152,97.59322033898304,35.88135593220339,25.0,33.5,50.0,31.910714285714285,6253.847457627118,3793.186440677966,147.1864406779661,27.633333333333333,41.0,30.7,289,0.209624624252319,368977.0,223798.0,8684.0,207.60745286941528,774.3875432525952,30.048442906574394
convnet_L8_F512_K1x1_W80,8,49026570,14982969354,ConvNet,80,2245.0,466.0,0.0,4.86864406779661,97.47457627118644,37.45762711864407,25.0,33.2972972972973,50.0,31.77083333333333,6264.779661016949,3768.5593220338974,136.03389830508473,27.266666666666666,41.30645161290322,30.70833333333333,224,0.270528969764709,369622.0,222345.0,8026.0,267.765371799469,992.6116071428571,35.830357142857146
convnet_L8_F512_K1x1_W90,8,59368970,18490200074,ConvNet,90,2336.0,466.0,0.0,3.389830508474576,97.864406779661,36.74576271186441,25.0,33.45454545454545,50.0,31.862244897959183,6241.406779661017,3797.915254237288,139.64406779661016,27.16,40.8,30.6875,187,0.338655915260315,368243.0,224077.0,8239.0,321.3389801979065,1198.2727272727273,44.05882352941177
convnet_L8_F512_K1x1_W100,8,70735370,22366582794,ConvNet,100,2438.983050847457,466.0,0.0,3.98728813559322,96.1864406779661,30.271186440677965,25.0,33.75,50.0,32.29651162790697,6077.033898305085,3688.084745762712,156.52542372881356,27.86206896551724,41.84615384615385,30.975,158,0.38204559803009,358545.0,217597.0,9235.0,380.770788192749,1377.1962025316457,58.449367088607595
convnet_L8_F512_K2x2_W30,8,22280202,15157370890,ConvNet,30,2022.8135593220336,466.0,0.0,4.233050847457627,97.0677966101695,20.35593220338983,25.0,34.41463414634146,50.0,32.63953488372093,6305.203389830508,4210.0,132.05084745762713,27.58333333333333,42.294117647058826,31.0,264,0.230720047950745,372007.0,248390.0,7791.0,227.60902881622312,940.8712121212121,29.511363636363637
convnet_L8_F512_K2x2_W40,8,28321802,22512087050,ConvNet,40,2067.0,466.0,0.0,3.5847457627118646,93.94915254237289,20.508474576271187,25.0,34.5,50.0,32.83522727272727,6415.118644067797,4334.186440677966,134.4406779661017,27.62857142857143,42.614285714285714,31.058823529411764,193,0.333442237377167,378492.0,255717.0,7932.0,312.66018629074097,1324.958549222798,41.09844559585492
convnet_L8_F512_K2x2_W50,8,35387402,31337881610,ConvNet,50,2118.2033898305085,466.0,0.0,2.940677966101695,97.08474576271186,21.779661016949152,25.0,35.03030303030303,50.0,33.075581395348834,6664.796610169492,4540.389830508475,127.2542372881356,27.724137931034484,43.5,31.5625,145,0.414819419384003,393223.0,267883.0,7508.0,414.3240022659302,1847.4689655172415,51.779310344827586
convnet_L8_F512_K2x2_W60,8,43477002,41634754570,ConvNet,60,2189.0677966101694,466.0,0.0,2.7711864406779663,96.10169491525424,22.57627118644068,25.0,35.25714285714286,50.0,33.76086956521739,6724.779661016949,4580.152542372882,135.15254237288136,28.0,43.37878787878788,31.857142857142858,109,0.553900010585785,396762.0,270229.0,7974.0,550.4636025428772,2479.1651376146788,73.1559633027523
convnet_L8_F512_K4x4_W20,8,33402890,18484852746,ConvNet,20,1881.754385964912,466.0,0.0,3.662280701754386,96.70175438596492,11.87719298245614,25.0,36.44,50.0,34.568627450980394,6677.736842105263,4670.315789473684,145.89473684210526,29.0,45.05172413793103,32.86666666666667,290,0.210581402778625,380631.0,266208.0,8316.0,207.0376253128051,917.9586206896552,28.675862068965518
convnet_L8_F512_K4x4_W30,8,36782090,36119504906,ConvNet,30,1912.0,466.0,0.0,2.711864406779661,96.52542372881356,12.016949152542374,25.0,35.833333333333336,50.0,34.16326530612245,6637.881355932203,4639.593220338983,127.10169491525424,28.848484848484848,44.06,32.42857142857143,158,0.381223309040069,391635.0,273736.0,7499.0,381.60356998443604,1732.506329113924,47.462025316455694
convnet_L8_F1024_K1x1_W30,8,29019146,11898937354,ConvNet,30,2075.0,468.0,0.0,5.364406779661017,95.94915254237289,31.11864406779661,25.0,34.59375,50.0,32.90816326530612,6469.423728813559,4137.796610169492,135.83050847457628,28.0,42.58,31.60975609756097,349,0.172076499462128,381696.0,244130.0,8014.0,173.2637333869934,699.512893982808,22.96275071633238
convnet_L8_F1024_K1x1_W40,8,39463946,18524893194,ConvNet,40,2166.64406779661,468.0,0.0,4.279661016949152,96.98305084745763,32.644067796610166,25.0,34.333333333333336,50.0,32.82065217391305,6545.847457627118,4179.186440677966,141.33898305084745,27.88888888888889,42.351851851851855,31.35897435897436,233,0.27168669462204,386205.0,246572.0,8339.0,260.00771284103394,1058.2489270386266,35.78969957081545
convnet_L8_F1024_K1x1_W50,8,51956746,26623156234,ConvNet,50,2272.915254237288,468.0,0.0,4.0423728813559325,95.89830508474576,33.15254237288136,25.0,34.57575757575758,50.0,32.85795454545455,6548.016949152542,4177.728813559322,144.5084745762712,27.83333333333333,42.596774193548384,31.20689655172414,164,0.365083928108215,386333.0,246486.0,8526.0,364.99486923217773,1502.9634146341464,51.98780487804878
convnet_L8_F1024_K1x1_W60,8,66497546,36193726474,ConvNet,60,2400.0,468.0,0.0,3.4279661016949152,97.3728813559322,33.69491525423729,25.0,34.54545454545455,50.0,32.77717391304348,6655.796610169492,4265.186440677966,134.10169491525423,27.93103448275862,42.28787878787879,31.32258064516129,122,0.493610291481018,392692.0,251646.0,7912.0,492.29237556457514,2062.6721311475408,64.85245901639344
convnet_L8_F1024_K1x1_W70,8,83086346,47236603914,ConvNet,70,2530.45,468.0,0.0,3.083333333333333,97.33333333333331,33.9,25.0,34.774193548387096,50.0,32.930851063829785,6646.0,4201.616666666667,178.6,27.82608695652174,42.11538461538461,31.324324324324323,95,0.637785909175873,398760.0,252097.0,10716.0,637.1686148643494,2653.6526315789474,112.8
convnet_L8_F1024_K2x2_W10,8,41218058,19425869834,ConvNet,10,2156.0,468.0,0.0,4.538135593220339,96.61016949152544,16.52542372881356,25.0,35.148148148148145,50.0,33.39,6528.423728813559,4413.593220338983,162.61016949152545,27.96296296296296,43.293103448275865,31.714285714285715,244,0.245662338733673,385177.0,260402.0,9594.0,246.12389087677,1067.22131147541,39.31967213114754
convnet_L8_F1024_K2x2_W20,8,49205258,37059026954,ConvNet,20,2241.0,468.0,0.0,3.343220338983051,97.49152542372882,22.1864406779661,25.0,34.233333333333334,50.0,32.71,6494.067796610169,4264.118644067797,126.55932203389833,27.90625,42.40625,31.285714285714285,113,0.553356013298035,383150.0,251583.0,7467.0,535.1185178756714,2226.3982300884954,66.07964601769912
convnet_L9_F128_K3x3_W100,9,13984266,11855360010,ConvNet,100,1762.6949152542372,466.0,0.0,4.783898305084746,92.72881355932203,49.96610169491525,25.0,34.705882352941174,50.0,33.26111111111111,6923.525423728814,4234.8983050847455,141.52542372881356,28.535714285714285,42.8448275862069,31.88571428571429,575,0.103107762336731,408488.0,249859.0,8350.0,102.9609179496765,434.5373913043478,14.521739130434783
convnet_L9_F128_K4x4_W70,9,10092938,12010748810,ConvNet,70,1725.0,466.0,0.0,3.7754237288135593,95.98305084745763,11.779661016949152,25.0,35.69047619047619,50.0,33.69230769230769,6544.864406779661,4627.220338983051,129.98305084745763,28.0,44.11538461538461,31.942857142857143,450,0.131844487190246,386147.0,273006.0,7669.0,132.5066876411438,606.68,17.04222222222222
convnet_L9_F128_K4x4_W80,9,12243338,15400496010,ConvNet,80,1736.5254237288136,466.0,0.0,3.73728813559322,93.71186440677968,12.101694915254235,25.0,34.56666666666667,50.0,33.53804347826087,5817.338983050848,3948.338983050848,139.71186440677965,27.954545454545453,42.59375,31.7,354,0.16722838640213,343223.0,232952.0,8243.0,168.2466459274292,658.0564971751412,23.285310734463277
convnet_L9_F128_K4x4_W90,9,14649738,19211388810,ConvNet,90,1751.677966101695,466.0,0.0,3.1779661016949152,94.44067796610167,12.677966101694915,25.0,35.333333333333336,50.0,33.4527027027027,6530.796610169492,4585.440677966101,141.38983050847455,27.89655172413793,43.833333333333336,31.75675675675676,286,0.208280651569366,385317.0,270541.0,8342.0,208.9445614814758,945.9475524475524,29.167832167832167
convnet_L9_F128_K4x4_W100,9,17312138,23443427210,ConvNet,100,1765.0,466.0,0.0,2.694915254237288,98.23728813559322,12.71186440677966,25.0,34.724137931034484,50.0,33.68478260869565,6313.389830508475,4374.728813559322,144.42372881355934,28.12,43.45,31.925925925925927,236,0.25194607257843,372490.0,258109.0,8521.0,253.52988719940177,1093.6822033898304,36.105932203389834
convnet_L9_F256_K3x3_W50,9,11127818,11825920010,ConvNet,50,1756.0,465.0,0.0,4.978813559322034,94.9322033898305,51.35593220338984,25.0,35.793103448275865,50.0,34.02906976744186,7319.474576271186,4555.406779661017,173.01694915254237,28.904761904761905,43.96153846153846,32.607142857142854,568,0.107886257171631,431849.0,268769.0,10208.0,105.3997564315795,473.1848591549296,17.971830985915492
convnet_L9_F256_K3x3_W60,9,13943818,17029324810,ConvNet,60,1773.0,465.0,0.0,4.639830508474576,94.54237288135592,53.28813559322034,25.0,35.888888888888886,50.0,34.107142857142854,7614.881355932203,4823.576271186441,129.77966101694915,28.857142857142858,44.11290322580645,32.583333333333336,490,0.126691982746124,449278.0,284591.0,7657.0,121.7660331726074,580.7979591836735,15.626530612244897
convnet_L9_F256_K3x3_W70,9,17271818,23178803210,ConvNet,70,1786.8620689655172,465.0,0.0,3.3793103448275863,95.56896551724138,53.22413793103448,25.0,35.45,50.0,34.09183673469388,7540.689655172414,4772.413793103448,125.86206896551724,28.95833333333333,43.76923076923077,32.84615384615385,351,0.176644222736359,437360.0,276800.0,7300.0,169.3709254264831,788.6039886039886,20.797720797720796
convnet_L9_F256_K3x3_W80,9,21111818,30274355210,ConvNet,80,1813.0,465.0,0.0,3.663793103448276,96.13793103448276,56.241379310344826,25.0,35.96296296296296,50.0,34.19886363636363,7742.172413793103,4907.517241379311,133.86206896551724,29.0,44.5,32.62068965517241,310,0.196593863964081,449046.0,284636.0,7764.0,192.7689552307128,918.1806451612903,25.045161290322582
convnet_L9_F256_K3x3_W90,9,25463818,38315980810,ConvNet,90,1855.929824561404,465.0,0.0,2.9078947368421053,97.17543859649123,53.42105263157895,25.0,35.86206896551724,50.0,34.3,7531.350877192983,4803.894736842105,125.859649122807,29.11111111111111,44.10869565217392,32.77777777777778,221,0.278970286846161,429287.0,273822.0,7174.0,271.1710810661316,1239.0135746606336,32.46153846153846
convnet_L9_F256_K3x3_W100,9,30327818,47303680010,ConvNet,100,1902.2372881355927,465.0,0.0,2.593220338983051,98.0,54.54237288135593,25.0,35.5,50.0,33.661458333333336,7641.389830508475,4805.4915254237285,150.98305084745763,28.541666666666668,43.25862068965517,31.96296296296296,176,0.351591439247131,450842.0,283524.0,8908.0,340.7236862182617,1610.9318181818182,50.61363636363637
convnet_L9_F256_K2x2_W60,9,21479178,12416815882,ConvNet,60,2013.0,465.0,0.0,5.211864406779661,96.16949152542372,19.47457627118644,25.0,34.48780487804878,50.0,32.58695652173913,6240.372881355932,4172.6949152542375,138.91525423728814,27.814814814814813,42.44444444444444,31.032258064516128,350,0.184905178546905,368182.0,246189.0,8196.0,171.4381265640258,703.3971428571429,23.417142857142856
convnet_L9_F256_K2x2_W70,9,26189578,15847748362,ConvNet,70,2050.0169491525426,465.0,0.0,5.516949152542373,94.7457627118644,20.35593220338983,25.0,34.026315789473685,50.0,32.28409090909091,6262.864406779661,4137.28813559322,138.11864406779662,27.264705882352946,42.10606060606061,30.82857142857143,278,0.21531082868576,369509.0,244100.0,8149.0,215.7850718498229,878.0575539568346,29.31294964028777
convnet_L9_F256_K2x2_W80,9,31411978,19699698442,ConvNet,80,2097.915254237288,465.0,0.0,4.63135593220339,97.83050847457628,20.47457627118644,25.0,34.25,50.0,32.38586956521739,6365.050847457627,4231.542372881356,137.22033898305085,27.594594594594597,42.5,30.714285714285715,227,0.268464734554291,375538.0,249661.0,8096.0,264.58723783493036,1099.828193832599,35.66519823788546
convnet_L9_F256_K2x2_W90,9,37146378,23972666122,ConvNet,90,2151.0169491525426,465.0,0.0,3.805084745762712,96.42372881355932,20.79661016949153,25.0,34.47222222222222,50.0,32.476190476190474,6283.4915254237285,4217.220338983051,129.6949152542373,27.529411764705884,42.44736842105263,30.870967741935484,187,0.321468856334686,370726.0,248816.0,7652.0,320.1400971412658,1330.566844919786,40.919786096256686
convnet_L9_F256_K2x2_W100,9,43392778,28666651402,ConvNet,100,2209.0,466.0,0.0,4.122881355932203,97.38983050847456,21.47457627118644,25.0,34.743589743589745,50.0,32.619791666666664,6556.067796610169,4393.322033898305,145.28813559322035,27.72222222222222,43.23333333333333,31.2,158,0.380238056182861,386808.0,259206.0,8572.0,380.75596809387207,1640.5443037974683,54.25316455696203
convnet_L9_F256_K4x4_W30,9,12296970,10634323722,ConvNet,30,1727.6101694915253,465.0,0.0,4.372881355932203,95.71186440677968,12.694915254237287,25.0,35.885714285714286,50.0,33.60344827586207,6462.423728813559,4499.661016949152,124.67796610169492,28.73333333333333,44.25,31.97826086956522,500,0.12229576587677,381283.0,265480.0,7356.0,120.95443248748771,530.96,14.712
convnet_L9_F256_K4x4_W40,9,14549770,17442039562,ConvNet,40,1737.0169491525423,465.0,0.0,3.4322033898305087,95.72881355932203,10.796610169491526,25.0,35.51282051282051,50.0,33.39705882352941,6461.135593220339,4553.152542372882,127.3728813559322,28.0,43.46296296296296,31.346153846153847,323,0.18726958990097,381207.0,268636.0,7515.0,185.7549381256103,831.6904024767802,23.26625386996904
convnet_L9_F256_K4x4_W50,9,17314570,25930907402,ConvNet,50,1748.0677966101696,465.0,0.0,2.7415254237288136,96.15254237288136,11.694915254237287,25.0,35.206896551724135,50.0,33.09444444444444,6513.423728813559,4591.254237288135,129.52542372881356,27.88888888888889,43.54166666666666,31.0,220,0.271995046138763,384292.0,270884.0,7642.0,272.4766588211059,1231.290909090909,34.736363636363635
convnet_L9_F256_K4x4_W60,9,20591370,36100927242,ConvNet,60,1764.0172413793102,465.0,0.0,2.375,97.05172413793105,11.741379310344827,25.0,35.473684210526315,50.0,33.15196078431372,6538.293103448276,4610.0,128.68965517241378,27.91304347826087,43.71739130434783,31.074074074074076,159,0.377625737190246,379221.0,267380.0,7464.0,379.0463781356811,1681.6352201257862,46.943396226415096
convnet_L9_F256_K4x4_W70,9,24380170,47952099082,ConvNet,70,1782.7796610169491,465.0,0.0,2.3008474576271185,98.22033898305084,11.728813559322036,25.0,34.96,50.0,33.08888888888889,6548.322033898305,4631.881355932203,124.32203389830508,27.846153846153847,43.46551724137931,31.06451612903226,122,0.493475074768066,386351.0,273281.0,7335.0,494.10726308822626,2240.0081967213114,60.122950819672134
convnet_L9_F512_K3x3_W30,9,23500810,17008128010,ConvNet,30,2155.8275862068967,464.0,0.0,5.293103448275862,95.3103448275862,54.206896551724135,25.0,35.7,50.0,33.72058823529412,7953.672413793103,5142.086206896552,139.44827586206895,28.1875,43.958333333333336,31.55555555555556,535,0.112326188087463,461313.0,298241.0,8088.0,111.67061805725089,557.4598130841122,15.117757009345794
convnet_L9_F512_K3x3_W40,9,27084810,30236672010,ConvNet,40,2189.0,464.0,0.0,2.987068965517241,97.06896551724138,59.1551724137931,25.0,35.87096774193548,50.0,33.90555555555556,8043.189655172414,5198.551724137931,125.13793103448276,28.705882352941178,44.23333333333333,32.1764705882353,290,0.210683829784393,466505.0,301516.0,7258.0,206.2145662307739,1039.7103448275861,25.02758620689655
convnet_L9_F512_K3x3_W50,9,31692810,47244800010,ConvNet,50,2230.035087719298,464.0,0.0,3.219298245614035,96.89473684210526,57.70175438596491,25.0,35.57575757575758,50.0,33.645833333333336,7795.421052631579,4896.456140350877,152.0701754385965,28.363636363636363,43.57142857142857,31.8,158,0.384987456798553,444339.0,279098.0,8668.0,379.3956255912781,1766.4430379746836,54.860759493670884
convnet_L9_F512_K1x1_W60,9,33253386,10675539978,ConvNet,60,2104.728813559322,465.0,0.0,5.966101694915254,95.1186440677966,36.79661016949152,25.0,32.75,50.0,31.29878048780488,6222.745762711865,3753.779661016949,148.61016949152545,26.84,40.138888888888886,29.96153846153846,319,0.190642018318176,367142.0,221473.0,8768.0,187.2609829902649,694.2727272727273,27.4858934169279
convnet_L9_F512_K1x1_W70,9,41752586,13880680458,ConvNet,70,2183.186440677966,464.0,0.0,5.432203389830509,94.6271186440678,37.20338983050848,25.0,32.57142857142857,50.0,31.03333333333333,6214.440677966101,3725.898305084746,145.28813559322035,26.70833333333333,39.7972972972973,29.89655172413793,249,0.241559450626373,366652.0,219828.0,8572.0,239.79244470596308,882.843373493976,34.42570281124498
convnet_L9_F512_K1x1_W80,9,51275786,17507504138,ConvNet,80,2271.1186440677966,464.0,0.0,4.436440677966102,97.05084745762711,37.84745762711864,25.0,32.869565217391305,50.0,30.98913043478261,6363.762711864407,3859.1186440677966,136.54237288135593,26.6,40.31818181818182,29.65625,198,0.323071401119232,375462.0,227688.0,8056.0,305.7397556304931,1149.939393939394,40.686868686868685
convnet_L9_F512_K1x1_W90,9,61822986,21556011018,ConvNet,90,2361.813559322034,464.0,0.0,3.343220338983051,97.49152542372882,35.644067796610166,25.0,32.6,50.0,30.867021276595743,6182.881355932203,3778.898305084746,127.7457627118644,26.61764705882353,39.8421052631579,29.571428571428573,165,0.36565288066864,364790.0,222955.0,7537.0,363.583562374115,1351.2424242424242,45.67878787878788
convnet_L9_F512_K1x1_W100,9,73394186,26026201098,ConvNet,100,2459.5254237288136,465.0,0.0,3.3728813559322037,96.8135593220339,31.23728813559322,25.0,32.885714285714286,50.0,31.32317073170732,6126.406779661017,3753.457627118644,140.72881355932202,26.973684210526315,40.38235294117647,29.866666666666667,138,0.43819486618042,361458.0,221454.0,8303.0,432.7944660186767,1604.7391304347825,60.166666666666664
convnet_L9_F512_K2x2_W20,9,19709450,11592566282,ConvNet,20,2003.0,464.0,0.0,5.610169491525424,96.84745762711864,19.491525423728813,25.0,33.54545454545455,50.0,31.67222222222222,6294.457627118644,4162.033898305085,154.6271186440678,26.91891891891892,40.8125,30.0,339,0.176783275604248,371373.0,245560.0,9123.0,178.02233695983878,724.3657817109145,26.911504424778762
convnet_L9_F512_K2x2_W30,9,25034250,18567562762,ConvNet,30,2045.084745762712,464.0,0.0,4.038135593220339,95.96610169491524,20.440677966101696,25.0,33.225806451612904,50.0,31.68888888888889,6164.033898305085,4084.762711864407,142.76271186440678,26.818181818181817,41.03846153846154,29.966666666666665,221,0.272496893405914,363678.0,241001.0,8423.0,271.9094967842102,1090.502262443439,38.113122171945705
convnet_L9_F512_K2x2_W40,9,31383050,27223455242,ConvNet,40,2097.677966101695,464.0,0.0,3.7161016949152543,97.33898305084746,21.16949152542373,25.0,33.76470588235294,50.0,31.995098039215687,6582.35593220339,4436.440677966101,130.6949152542373,26.764705882352946,41.74242424242424,30.620689655172413,162,0.373442921638489,388359.0,261750.0,7711.0,371.5162777900695,1615.7407407407406,47.598765432098766
convnet_L9_F512_K2x2_W50,9,38755850,37560243722,ConvNet,50,2148.728813559322,464.0,0.0,3.542372881355932,96.864406779661,22.372881355932204,25.0,34.21875,50.0,32.35326086956522,6731.9152542372885,4550.830508474576,129.08474576271186,27.16,42.43103448275862,30.774193548387096,123,0.498864054679871,397183.0,268499.0,7616.0,491.5016412734985,2182.918699186992,61.91869918699187
convnet_L9_F512_K2x2_W60,9,47152650,49577928202,ConvNet,60,2223.983050847457,464.0,0.0,3.330508474576271,97.8135593220339,23.016949152542374,25.0,34.28947368421053,50.0,32.513888888888886,6827.71186440678,4603.8983050847455,153.76271186440678,27.466666666666665,42.75714285714286,30.9,93,0.65136248588562,402835.0,271630.0,9072.0,649.047691822052,2920.7526881720432,97.54838709677419
convnet_L9_F512_K4x4_W20,9,37889546,22012984842,ConvNet,20,1936.5084745762715,464.0,0.0,3.461864406779661,96.64406779661016,11.983050847457626,25.0,35.44827586206897,50.0,33.372549019607845,6668.6949152542375,4685.220338983051,126.32203389830508,28.0,43.833333333333336,31.058823529411764,247,0.249363460540771,393453.0,276428.0,7453.0,244.03904676437372,1119.1417004048583,30.17408906882591
convnet_L9_F512_K4x4_W30,9,41371146,42500214282,ConvNet,30,1967.0,464.0,0.0,2.9279661016949152,97.49152542372882,11.796610169491526,25.0,35.035714285714285,50.0,32.73717948717949,6793.762711864407,4787.728813559322,132.35593220338984,27.38888888888889,43.40909090909091,30.68421052631579,136,0.444524879455566,400832.0,282476.0,7809.0,443.6253428459167,2077.029411764706,57.419117647058826
convnet_L9_F1024_K1x1_W30,9,31993866,14319140874,ConvNet,30,2089.0,466.0,0.0,5.669491525423729,89.49152542372882,31.91525423728813,25.0,34.4054054054054,50.0,33.08018867924528,6036.101694915255,3783.2203389830506,154.33898305084745,28.115384615384617,42.11538461538461,31.513513513513512,297,0.203337771892548,356130.0,223210.0,9106.0,201.6744399070739,751.5488215488216,30.65993265993266
convnet_L9_F1024_K1x1_W40,9,42848266,22058082314,ConvNet,40,2180.7796610169494,466.0,0.0,3.6483050847457625,95.45762711864408,32.91525423728814,25.0,34.55172413793103,50.0,32.67045454545455,6535.067796610169,4211.779661016949,134.3728813559322,27.80555555555556,42.388888888888886,31.11111111111111,199,0.303451821804047,385569.0,248495.0,7928.0,301.3349533081054,1248.7185929648242,39.8391959798995
convnet_L9_F1024_K1x1_W50,9,55750666,31479250954,ConvNet,50,2299.0,465.0,0.0,2.9703389830508478,96.52542372881356,33.05084745762712,25.0,34.74193548387097,50.0,32.703125,6554.6949152542375,4188.881355932203,163.32203389830508,27.83333333333333,42.15714285714286,31.11764705882353,137,0.46135903596878,386727.0,247144.0,9636.0,438.908109664917,1803.970802919708,70.33576642335767
convnet_L9_F1024_K1x1_W60,9,70701066,42582646794,ConvNet,60,2425.762711864407,465.0,0.0,2.8813559322033897,97.35593220338984,33.898305084745765,25.0,34.484848484848484,50.0,32.818627450980394,6716.203389830508,4328.542372881356,142.32203389830508,27.83870967741936,42.73076923076923,31.405405405405407,106,0.57193779706955,396256.0,255384.0,8397.0,569.1217350959778,2409.2830188679245,79.21698113207547
convnet_L9_F1024_K2x2_W10,9,47594506,25171454986,ConvNet,10,2214.0,466.0,0.0,3.1822033898305087,95.8135593220339,18.491525423728813,25.0,34.903225806451616,50.0,33.204081632653065,6416.779661016949,4339.423728813559,130.135593220339,27.923076923076923,43.10606060606061,31.676470588235293,181,0.336192014217377,378590.0,256026.0,7678.0,332.992296218872,1414.5082872928176,42.41988950276243
convnet_L9_F1024_K2x2_W20,9,56196106,46329302026,ConvNet,20,2302.0,466.0,0.0,2.266949152542373,96.91525423728814,22.45762711864407,25.0,34.45454545454545,50.0,32.58888888888889,6426.745762711865,4244.796610169492,126.72881355932203,27.676470588235293,42.5,31.142857142857142,90,0.678059310913086,379178.0,250443.0,7477.0,673.5390281677246,2782.7,83.07777777777778
convnet_L10_F128_K3x3_W90,10,11699850,10798272010,ConvNet,90,1733.0,440.0,0.0,5.818965517241379,92.1896551724138,49.39655172413793,25.0,34.93939393939394,50.0,33.24342105263158,6900.982758620689,4224.0344827586205,144.67241379310346,28.26923076923077,42.475,31.6875,653,0.0929443144798278,400257.0,244994.0,8391.0,91.5766215324401,375.1822358346095,12.849923430321592
convnet_L10_F128_K3x3_W100,10,14131850,13331200010,ConvNet,100,1746.135593220339,440.0,0.0,5.0423728813559325,93.47457627118644,50.77966101694916,25.0,34.925925925925924,50.0,33.166666666666664,7096.8983050847455,4319.9152542372885,131.71186440677965,27.9,42.5,31.59375,524,0.126849956512451,418717.0,254875.0,7771.0,113.41194152832031,486.4026717557252,14.830152671755725
convnet_L10_F128_K4x4_W60,10,8638730,10327457930,ConvNet,60,1702.0,440.0,0.0,4.889830508474576,94.30508474576273,12.983050847457626,25.0,35.25,50.0,33.377906976744185,6439.593220338983,4453.8983050847455,149.35593220338984,27.97058823529412,43.5,31.41935483870968,513,0.119061646461487,379936.0,262780.0,8812.0,117.423026561737,512.2417153996101,17.17738791423002
convnet_L10_F128_K4x4_W70,10,10558730,13689493130,ConvNet,70,1713.0677966101696,439.0,0.0,3.98728813559322,94.84745762711864,11.76271186440678,25.0,35.4054054054054,50.0,33.26162790697674,6575.389830508475,4631.796610169492,138.16949152542372,27.90322580645161,43.44736842105263,31.685714285714287,398,0.148829491138458,387948.0,273276.0,8152.0,149.3471479415893,686.6231155778894,20.482412060301506
convnet_L10_F128_K4x4_W80,10,12734730,17525128330,ConvNet,80,1723.949152542373,439.0,0.0,3.4237288135593222,96.6271186440678,12.576271186440678,25.0,35.354838709677416,50.0,33.29081632653061,6569.745762711865,4602.627118644068,155.54237288135593,27.83333333333333,43.37096774193548,31.75757575757576,315,0.191987309455872,387615.0,271555.0,9177.0,189.7595715522766,862.0793650793651,29.133333333333333
convnet_L10_F128_K4x4_W90,10,15166730,21834363530,ConvNet,90,1743.7796610169491,439.0,0.0,2.7033898305084745,95.40677966101696,12.677966101694915,25.0,35.375,50.0,33.30625,6597.101694915255,4661.627118644068,125.05084745762711,27.954545454545453,43.385714285714286,31.76315789473684,254,0.236565477848053,389229.0,275036.0,7378.0,235.3538012504577,1082.8188976377953,29.04724409448819
convnet_L10_F128_K4x4_W100,10,17854730,26617198730,ConvNet,100,1753.0,440.0,0.0,2.7838983050847457,96.05084745762711,13.610169491525424,25.0,35.8125,50.0,33.932291666666664,6744.559322033899,4780.508474576272,124.7457627118644,27.966666666666665,44.083333333333336,31.892857142857142,210,0.285542907714844,397929.0,282050.0,7360.0,285.623300075531,1343.095238095238,35.04761904761905
convnet_L10_F256_K3x3_W50,10,11717898,13301120010,ConvNet,50,1751.0,439.0,0.0,4.923728813559322,94.9322033898305,51.45762711864407,25.0,34.86842105263158,50.0,33.17613636363637,7303.1016949152545,4577.28813559322,132.1864406779661,28.39130434782609,42.79032258064516,31.705882352941178,510,0.11935389995575,430883.0,270060.0,7799.0,120.3314566612243,529.5294117647059,15.292156862745099
convnet_L10_F256_K3x3_W60,10,14533898,19153612810,ConvNet,60,1765.033898305085,439.0,0.0,4.6059322033898304,95.71186440677968,53.59322033898305,25.0,35.63636363636363,50.0,33.88068181818182,7623.220338983051,4825.35593220339,132.40677966101694,28.70833333333333,43.5,32.42424242424242,441,0.138095715045929,449770.0,284696.0,7812.0,135.85815906524658,645.5691609977324,17.714285714285715
convnet_L10_F256_K3x3_W70,10,17861898,26070195210,ConvNet,70,1778.0,439.0,0.0,3.292372881355932,97.91525423728814,53.440677966101696,25.0,35.875,50.0,34.214285714285715,7644.135593220339,4831.338983050848,160.54237288135593,29.0,43.625,32.58064516129032,316,0.191603300571442,451004.0,285049.0,9472.0,190.02656221389768,902.0537974683544,29.974683544303797
convnet_L10_F256_K3x3_W80,10,21701898,34050867210,ConvNet,80,1801.0169491525423,439.0,0.0,3.055084745762712,98.7457627118644,56.83050847457627,25.0,36.0,50.0,34.32236842105263,7635.118644067797,4847.559322033899,137.71186440677965,29.379310344827587,44.375,32.857142857142854,278,0.220087189674377,450472.0,286006.0,8125.0,213.3188891410827,1028.7985611510792,29.22661870503597
convnet_L10_F256_K3x3_W90,10,26053898,43095628810,ConvNet,90,1817.1525423728813,439.0,0.0,3.139830508474576,97.05084745762711,54.08474576271186,25.0,36.21739130434783,50.0,34.55113636363637,7658.542372881356,4846.542372881356,124.71186440677968,29.53125,44.32142857142857,33.0625,199,0.313323700428009,451854.0,285946.0,7358.0,300.6836152076721,1436.9145728643216,36.97487437185929
convnet_L10_F256_K2x2_W50,10,18748938,11087466762,ConvNet,50,1987.0,439.0,0.0,6.169491525423729,93.27118644067797,19.15254237288136,25.0,34.13793103448276,50.0,32.26111111111111,6145.796610169492,4069.2203389830506,156.89830508474577,27.58333333333333,41.957142857142856,30.87878787878788,388,0.156982827186584,362602.0,240084.0,9257.0,154.0333938598632,618.7731958762887,23.858247422680414
convnet_L10_F256_K2x2_W60,10,23100938,14543615242,ConvNet,60,2004.0,439.0,0.0,5.1059322033898304,94.42372881355932,19.47457627118644,25.0,33.92857142857143,50.0,32.067708333333336,6204.457627118644,4156.881355932203,142.8135593220339,27.60606060606061,41.74242424242424,30.6875,303,0.20704564332962,366063.0,245256.0,8426.0,198.4022784233093,809.4257425742575,27.808580858085808
convnet_L10_F256_K2x2_W70,10,27964938,18473261322,ConvNet,70,2027.728813559322,439.0,0.0,5.190677966101695,96.61016949152544,20.372881355932204,25.0,33.916666666666664,50.0,32.265625,6262.813559322034,4171.864406779661,136.4915254237288,27.393939393939394,41.80303030303031,30.84,243,0.249714815616608,369506.0,246140.0,8053.0,247.161123752594,1012.9218106995885,33.13991769547325
convnet_L10_F256_K2x2_W80,10,33340938,22876405002,ConvNet,80,2051.736842105264,439.0,0.0,4.350877192982456,95.12280701754386,20.473684210526315,25.0,34.142857142857146,50.0,32.1890243902439,6333.596491228071,4231.649122807017,136.94736842105263,27.571428571428573,42.14516129032258,30.7,198,0.320756888389587,361015.0,241204.0,7806.0,302.750780582428,1218.20202020202,39.42424242424242
convnet_L10_F256_K2x2_W90,10,39228938,27753046282,ConvNet,90,2083.0,439.0,0.0,4.050847457627119,95.8813559322034,21.389830508474574,25.0,34.026315789473685,50.0,32.28947368421053,6371.661016949152,4249.932203389831,142.0,27.580645161290324,42.127906976744185,30.93548387096774,165,0.367915456295013,375928.0,250746.0,8378.0,364.40866708755493,1519.6727272727273,50.775757575757574
convnet_L10_F256_K2x2_W100,10,45628938,33103185162,ConvNet,100,2106.542372881356,439.0,0.0,4.072033898305085,94.01694915254237,21.47457627118644,25.0,34.5,50.0,32.714285714285715,6381.762711864407,4245.35593220339,135.84745762711864,27.694444444444443,42.33783783783784,31.08,139,0.436023480892181,376524.0,250476.0,8015.0,433.2039499282837,1801.9856115107914,57.66187050359712
convnet_L10_F256_K4x4_W30,10,13548042,12312657162,ConvNet,30,1718.0,439.0,0.0,4.084745762711864,94.67796610169492,10.745762711864408,25.0,35.96875,50.0,34.16447368421053,6315.864406779661,4426.474576271186,136.35593220338984,29.0,44.16666666666666,32.0,443,0.136519205570221,372636.0,261162.0,8045.0,135.0455737113952,589.530474040632,18.160270880361175
convnet_L10_F256_K4x4_W40,10,15852042,20064373002,ConvNet,40,1727.7118644067796,439.0,0.0,3.0720338983050848,96.3728813559322,10.796610169491526,25.0,35.12903225806452,50.0,33.450980392156865,6476.28813559322,4570.576271186441,125.76271186440678,27.92,43.75,31.853658536585368,283,0.215338733196258,382101.0,269664.0,7420.0,212.4464583396911,952.8763250883392,26.219081272084807
convnet_L10_F256_K4x4_W50,10,18668042,29707007242,ConvNet,50,1742.0169491525423,439.0,0.0,2.351694915254237,95.47457627118644,11.677966101694915,25.0,35.4,50.0,33.33510638297872,6488.966101694915,4583.237288135593,124.3728813559322,27.96296296296296,43.833333333333336,31.6875,193,0.311790776252747,382849.0,270411.0,7338.0,311.39244556426996,1401.0932642487046,38.020725388601036
convnet_L10_F256_K4x4_W60,10,21996042,41240559882,ConvNet,60,1758.0,438.0,0.0,1.944915254237288,97.3728813559322,11.52542372881356,25.0,35.29032258064516,50.0,33.23936170212766,6503.152542372882,4611.525423728814,122.9322033898305,27.904761904761905,43.875,31.47058823529412,140,0.437999520301819,383686.0,272080.0,7253.0,429.6155023574829,1943.4285714285713,51.80714285714286
convnet_L10_F512_K3x3_W30,10,25860618,19131955210,ConvNet,30,2061.0,438.0,0.0,4.783898305084746,94.15254237288136,54.932203389830505,25.0,36.15625,50.0,34.48255813953488,7880.847457627118,5104.949152542373,128.4915254237288,28.916666666666668,44.741379310344826,32.75,478,0.127180321216583,464970.0,301192.0,7581.0,125.3467035293579,630.1087866108786,15.859832635983263
convnet_L10_F512_K3x3_W40,10,29444618,34012364810,ConvNet,40,2093.0,438.0,0.0,4.266949152542373,97.03389830508476,59.61016949152543,25.0,36.75,50.0,34.95918367346939,8201.101694915254,5229.389830508475,177.64406779661016,29.51515151515152,45.24193548387097,33.35294117647059,260,0.237334544658661,483865.0,308534.0,10481.0,230.7714676856994,1186.6692307692308,40.31153846153846
convnet_L10_F512_K1x1_W60,10,35133962,12358156298,ConvNet,60,2054.0,438.0,0.0,5.415254237288136,95.84745762711864,36.86440677966102,25.0,33.3235294117647,50.0,31.801020408163264,6288.118644067797,3844.898305084746,143.01694915254237,27.066666666666663,40.85135135135136,30.727272727272727,285,0.210267288684845,370999.0,226849.0,8438.0,211.0095143318176,795.9614035087719,29.607017543859648
convnet_L10_F512_K1x1_W70,10,43837962,16010016778,ConvNet,70,2092.0,438.0,0.0,4.338983050847458,94.32203389830508,37.30508474576271,25.0,33.42424242424242,50.0,31.62244897959184,6311.559322033899,3892.135593220339,135.28813559322035,27.09090909090909,41.0625,30.53125,222,0.269246945381164,372382.0,229636.0,7982.0,269.9500036239624,1034.3963963963963,35.95495495495496
convnet_L10_F512_K1x1_W80,10,53565962,20136091658,ConvNet,80,2131.551724137931,438.0,0.0,4.495689655172414,97.58620689655172,37.93103448275862,25.0,33.4375,50.0,31.766666666666666,6531.103448275862,4000.5172413793102,130.20689655172413,27.032258064516128,41.0625,30.5625,177,0.353118064403534,378804.0,232030.0,7552.0,338.9765048027038,1310.90395480226,42.666666666666664
convnet_L10_F512_K1x1_W90,10,64317962,24736380938,ConvNet,90,2209.0,438.0,0.0,3.944915254237288,98.16949152542372,34.94915254237288,25.0,32.878787878787875,50.0,31.557692307692307,6161.932203389831,3699.457627118644,164.72881355932202,27.0,40.27777777777778,30.32258064516129,147,0.425656287670136,363554.0,218268.0,9719.0,407.5977087020874,1484.8163265306123,66.1156462585034
convnet_L10_F512_K1x1_W100,10,76093962,29810884618,ConvNet,100,2311.694915254237,438.0,0.0,3.51271186440678,98.44067796610167,32.20338983050848,25.0,33.19230769230769,50.0,31.69886363636364,6174.966101694915,3799.152542372881,131.10169491525423,27.11111111111111,41.23170731707317,30.59259259259259,124,0.485265641212463,364323.0,224150.0,7735.0,483.9886331558227,1807.6612903225807,62.37903225806452
convnet_L10_F512_K2x2_W20,10,22248458,14216776202,ConvNet,20,1996.625,438.0,0.0,4.700892857142857,97.69642857142856,19.642857142857142,25.0,34.125,50.0,32.425,6252.160714285715,4153.196428571428,141.07142857142858,27.214285714285715,41.6875,31.0,273,0.219295012950897,350121.0,232579.0,7900.0,219.74285125732422,851.9377289377289,28.937728937728938
convnet_L10_F512_K2x2_W30,10,27880458,22346076682,ConvNet,30,2020.0,438.0,0.0,4.025862068965517,97.82758620689656,20.46551724137931,25.0,34.25925925925926,50.0,32.47058823529412,6424.775862068966,4282.46551724138,133.93103448275863,27.63888888888889,42.30645161290322,31.15625,191,0.316162691116333,372637.0,248383.0,7768.0,315.2634859085083,1300.434554973822,40.67015706806283
convnet_L10_F512_K2x2_W40,10,34536458,32366090762,ConvNet,40,2047.879310344828,438.0,0.0,3.8836206896551726,98.86206896551724,24.41379310344828,25.0,34.45454545454545,50.0,32.895348837209305,6698.672413793103,4404.224137931034,152.5344827586207,27.742857142857144,42.59375,31.59259259259259,136,0.454684813022613,388523.0,255445.0,8847.0,443.2919073104858,1878.2720588235295,65.05147058823529
convnet_L10_F512_K2x2_W50,10,42216458,44276818442,ConvNet,50,2081.93220338983,438.0,0.0,3.385593220338983,97.76271186440678,22.440677966101696,25.0,35.111111111111114,50.0,33.2375,6802.661016949152,4589.847457627118,156.6271186440678,27.857142857142858,43.46153846153846,31.82758620689655,105,0.575188031196594,401357.0,270801.0,9241.0,574.5063877105713,2579.057142857143,88.00952380952381
convnet_L10_F512_K4x4_W20,10,42386442,25788621322,ConvNet,20,1832.844827586207,438.0,0.0,3.5043103448275863,97.84482758620688,11.89655172413793,25.0,36.44444444444444,50.0,34.509433962264154,6686.327586206897,4682.810344827586,124.1896551724138,28.97058823529412,45.12068965517241,32.96,211,0.286453936100006,387807.0,271603.0,7203.0,284.92669343948364,1287.218009478673,34.13744075829384
convnet_L10_F512_K4x4_W30,10,45970442,49212324362,ConvNet,30,1844.0,438.0,0.0,2.6737288135593222,98.54237288135592,11.983050847457626,25.0,36.05882352941177,50.0,33.98026315789474,6806.389830508475,4791.474576271186,127.54237288135592,28.08695652173913,44.458333333333336,31.97058823529412,118,0.51287739276886,401577.0,282697.0,7525.0,511.01835012435913,2395.737288135593,63.771186440677965
convnet_L10_F1024_K1x1_W30,10,35050506,16945147914,ConvNet,30,2042.368421052632,440.0,0.0,5.254385964912281,95.63157894736842,32.07017543859649,25.0,30.24137931034483,50.0,28.142857142857142,6450.543859649123,4106.350877192983,152.19298245614036,23.484848484848484,37.22727272727273,27.060606060606062,255,0.251429386138916,367681.0,234062.0,8675.0,234.5056796073913,917.8901960784314,34.01960784313726
convnet_L10_F1024_K1x1_W40,10,46314506,25839058954,ConvNet,40,2090.576271186441,440.0,0.0,4.47457627118644,96.8813559322034,33.15254237288136,25.0,33.2,50.0,31.344444444444445,6627.0,4247.525423728814,136.22033898305085,26.33333333333333,40.458333333333336,29.75862068965517,173,0.350786325931549,390993.0,250604.0,8037.0,348.3613634109497,1448.578034682081,46.456647398843934
convnet_L10_F1024_K1x1_W50,10,59626506,36625117194,ConvNet,50,2150.0,440.0,0.0,3.711864406779661,98.84745762711864,33.983050847457626,25.0,34.142857142857146,50.0,32.14673913043478,6706.389830508475,4321.389830508475,129.9322033898305,26.870967741935484,41.5,30.6,123,0.488943953514099,395677.0,254962.0,7666.0,488.45736503601074,2072.8617886178863,62.32520325203252
convnet_L10_F1024_K1x1_W60,10,74986506,49303322634,ConvNet,60,2287.0,440.0,0.0,3.042372881355932,98.16949152542372,34.186440677966104,25.0,34.6875,50.0,32.56818181818182,6701.35593220339,4325.338983050848,135.5593220338983,27.55172413793104,42.05172413793103,30.83333333333333,93,0.651598224639893,395380.0,255195.0,7998.0,649.2597484588623,2744.032258064516,86.0
convnet_L10_F1024_K2x2_W10,10,54155274,31886345226,ConvNet,10,2116.186440677966,440.0,0.0,2.98728813559322,95.35593220338984,21.71186440677966,25.0,34.63636363636363,50.0,33.0625,6460.881355932203,4303.186440677966,139.54237288135593,27.705882352941178,42.88709677419355,31.36111111111111,138,0.45120762348175,381192.0,253888.0,8233.0,435.7203459739685,1839.768115942029,59.65942028985507
